Index,Category
0,1
1,5
2,0
3,8
4,0
5,0
6,1
7,5
8,0
9,0
10,1
11,0
12,0
13,0
14,8
15,0
16,0
17,1
18,8
19,7
20,0
21,0
22,0
23,0
24,0
25,0
26,8
27,0
28,1
29,9
30,9
31,1
32,1
33,0
34,9
35,0
36,8
37,8
38,0
39,0
40,1
41,8
42,9
43,0
44,0
45,0
46,0
47,8
48,9
49,0
50,0
51,1
52,0
53,0
54,5
55,0
56,0
57,0
58,0
59,0
60,8
61,0
62,0
63,0
64,0
65,1
66,1
67,9
68,0
69,0
70,8
71,0
72,0
73,9
74,0
75,8
76,0
77,0
78,0
79,9
80,1
81,8
82,9
83,0
84,7
85,0
86,0
87,0
88,5
89,0
90,0
91,5
92,9
93,9
94,5
95,1
96,0
97,3
98,9
99,0
100,0
101,0
102,8
103,0
104,0
105,0
106,0
107,1
108,8
109,1
110,1
111,0
112,1
113,0
114,0
115,0
116,1
117,0
118,0
119,0
120,0
121,0
122,0
123,0
124,0
125,1
126,0
127,0
128,0
129,1
130,0
131,1
132,3
133,9
134,0
135,2
136,0
137,0
138,0
139,0
140,0
141,0
142,1
143,0
144,9
145,8
146,0
147,8
148,0
149,0
150,0
151,8
152,0
153,0
154,0
155,9
156,0
157,9
158,0
159,8
160,0
161,0
162,3
163,9
164,5
165,8
166,0
167,9
168,0
169,0
170,0
171,9
172,0
173,8
174,8
175,1
176,1
177,0
178,0
179,8
180,0
181,0
182,8
183,8
184,8
185,8
186,8
187,8
188,0
189,0
190,8
191,0
192,0
193,0
194,8
195,8
196,0
197,8
198,0
199,0
200,1
201,1
202,1
203,1
204,1
205,1
206,8
207,1
208,9
209,1
210,1
211,1
212,1
213,1
214,1
215,1
216,0
217,1
218,1
219,1
220,1
221,0
222,1
223,8
224,1
225,1
226,1
227,9
228,1
229,8
230,1
231,1
232,1
233,1
234,8
235,8
236,1
237,1
238,1
239,1
240,1
241,9
242,1
243,9
244,0
245,1
246,1
247,9
248,1
249,1
250,1
251,1
252,1
253,1
254,1
255,1
256,7
257,1
258,1
259,1
260,8
261,1
262,1
263,8
264,9
265,0
266,8
267,5
268,1
269,1
270,1
271,1
272,1
273,1
274,0
275,1
276,1
277,0
278,9
279,1
280,1
281,9
282,5
283,0
284,8
285,1
286,8
287,9
288,1
289,1
290,1
291,1
292,1
293,9
294,8
295,0
296,9
297,1
298,1
299,1
300,0
301,9
302,1
303,1
304,0
305,1
306,1
307,1
308,1
309,1
310,5
311,9
312,1
313,1
314,5
315,9
316,0
317,0
318,9
319,1
320,1
321,1
322,1
323,1
324,1
325,9
326,9
327,1
328,1
329,1
330,0
331,1
332,1
333,1
334,1
335,1
336,1
337,1
338,9
339,1
340,9
341,9
342,8
343,1
344,9
345,9
346,1
347,8
348,1
349,1
350,0
351,0
352,9
353,1
354,8
355,8
356,9
357,0
358,8
359,1
360,8
361,9
362,0
363,0
364,1
365,1
366,9
367,9
368,1
369,1
370,0
371,8
372,1
373,9
374,1
375,8
376,1
377,8
378,1
379,9
380,1
381,1
382,9
383,9
384,0
385,0
386,9
387,0
388,8
389,9
390,1
391,9
392,1
393,8
394,1
395,1
396,8
397,9
398,0
399,9
400,9
401,1
402,5
403,0
404,7
405,0
406,9
407,0
408,7
409,0
410,0
411,0
412,5
413,9
414,0
415,0
416,2
417,5
418,3
419,8
420,5
421,8
422,9
423,1
424,8
425,0
426,0
427,9
428,9
429,5
430,0
431,5
432,0
433,0
434,0
435,0
436,0
437,7
438,8
439,0
440,0
441,0
442,9
443,5
444,9
445,0
446,0
447,7
448,8
449,8
450,5
451,9
452,9
453,0
454,0
455,8
456,8
457,8
458,0
459,0
460,5
461,0
462,9
463,0
464,5
465,0
466,9
467,0
468,9
469,5
470,1
471,9
472,5
473,1
474,0
475,1
476,0
477,1
478,0
479,1
480,1
481,1
482,9
483,0
484,1
485,0
486,8
487,0
488,8
489,0
490,5
491,5
492,0
493,1
494,0
495,9
496,9
497,0
498,0
499,3
500,0
501,2
502,2
503,1
504,8
505,0
506,0
507,1
508,9
509,1
510,2
511,1
512,7
513,1
514,5
515,9
516,5
517,2
518,9
519,0
520,1
521,9
522,1
523,0
524,0
525,0
526,5
527,9
528,9
529,8
530,5
531,0
532,1
533,8
534,5
535,8
536,5
537,9
538,9
539,1
540,3
541,9
542,5
543,9
544,9
545,5
546,7
547,2
548,0
549,1
550,7
551,0
552,1
553,8
554,8
555,1
556,5
557,5
558,0
559,9
560,9
561,0
562,9
563,8
564,0
565,8
566,9
567,0
568,0
569,0
570,9
571,9
572,5
573,8
574,8
575,0
576,9
577,0
578,7
579,0
580,5
581,0
582,7
583,9
584,1
585,8
586,9
587,9
588,9
589,0
590,1
591,9
592,7
593,1
594,0
595,0
596,5
597,9
598,7
599,0
600,0
601,5
602,5
603,1
604,8
605,9
606,0
607,9
608,8
609,5
610,7
611,8
612,0
613,9
614,9
615,8
616,8
617,5
618,3
619,5
620,8
621,5
622,9
623,9
624,8
625,0
626,9
627,9
628,9
629,3
630,9
631,9
632,1
633,8
634,3
635,5
636,5
637,1
638,8
639,8
640,9
641,9
642,3
643,5
644,5
645,9
646,0
647,0
648,5
649,9
650,5
651,3
652,9
653,0
654,9
655,1
656,9
657,9
658,8
659,9
660,9
661,0
662,9
663,1
664,0
665,0
666,9
667,0
668,9
669,1
670,0
671,0
672,1
673,9
674,7
675,5
676,8
677,5
678,9
679,0
680,9
681,1
682,8
683,3
684,1
685,3
686,3
687,8
688,1
689,1
690,8
691,1
692,5
693,5
694,9
695,9
696,9
697,5
698,9
699,0
700,9
701,7
702,8
703,0
704,0
705,5
706,7
707,0
708,1
709,8
710,3
711,9
712,5
713,1
714,0
715,5
716,0
717,5
718,5
719,0
720,0
721,8
722,5
723,5
724,9
725,0
726,5
727,9
728,9
729,0
730,5
731,9
732,1
733,0
734,5
735,5
736,5
737,9
738,5
739,0
740,9
741,5
742,8
743,9
744,9
745,8
746,1
747,8
748,7
749,9
750,7
751,1
752,0
753,5
754,3
755,7
756,1
757,9
758,9
759,1
760,8
761,5
762,0
763,9
764,8
765,0
766,5
767,2
768,1
769,2
770,9
771,5
772,0
773,0
774,7
775,9
776,9
777,0
778,0
779,9
780,9
781,3
782,9
783,1
784,9
785,3
786,0
787,9
788,0
789,9
790,8
791,9
792,3
793,9
794,0
795,9
796,0
797,9
798,0
799,9
800,1
801,5
802,7
803,9
804,9
805,2
806,8
807,0
808,9
809,0
810,9
811,1
812,8
813,9
814,0
815,9
816,9
817,9
818,1
819,7
820,1
821,1
822,3
823,9
824,1
825,9
826,5
827,1
828,0
829,5
830,5
831,5
832,9
833,0
834,1
835,0
836,0
837,0
838,5
839,1
840,9
841,0
842,9
843,5
844,8
845,1
846,9
847,0
848,9
849,0
850,0
851,0
852,1
853,0
854,1
855,1
856,0
857,7
858,5
859,5
860,5
861,1
862,0
863,9
864,0
865,1
866,1
867,1
868,7
869,0
870,5
871,9
872,1
873,5
874,5
875,9
876,1
877,0
878,7
879,9
880,8
881,5
882,0
883,7
884,7
885,0
886,5
887,5
888,0
889,9
890,0
891,0
892,2
893,1
894,1
895,1
896,9
897,5
898,1
899,1
900,7
901,5
902,9
903,5
904,0
905,9
906,8
907,0
908,5
909,5
910,9
911,1
912,9
913,9
914,8
915,1
916,0
917,0
918,7
919,9
920,7
921,1
922,1
923,9
924,0
925,0
926,7
927,1
928,0
929,0
930,9
931,1
932,0
933,1
934,7
935,8
936,0
937,1
938,0
939,5
940,9
941,0
942,5
943,0
944,7
945,0
946,0
947,1
948,0
949,9
950,0
951,0
952,0
953,9
954,0
955,9
956,0
957,9
958,5
959,7
960,0
961,9
962,9
963,5
964,0
965,9
966,7
967,0
968,1
969,1
970,5
971,0
972,9
973,0
974,1
975,5
976,9
977,9
978,1
979,0
980,1
981,5
982,9
983,4
984,0
985,0
986,9
987,9
988,7
989,5
990,5
991,0
992,0
993,0
994,9
995,1
996,1
997,5
998,9
999,1
1000,5
1001,0
1002,5
1003,8
1004,9
1005,5
1006,9
1007,5
1008,9
1009,3
1010,8
1011,8
1012,5
1013,1
1014,8
1015,5
1016,9
1017,9
1018,5
1019,5
1020,9
1021,3
1022,5
1023,8
1024,5
1025,5
1026,5
1027,5
1028,9
1029,5
1030,5
1031,3
1032,9
1033,5
1034,9
1035,0
1036,5
1037,5
1038,5
1039,1
1040,5
1041,5
1042,3
1043,5
1044,8
1045,0
1046,1
1047,9
1048,5
1049,9
1050,5
1051,5
1052,8
1053,9
1054,5
1055,5
1056,9
1057,9
1058,0
1059,5
1060,1
1061,9
1062,5
1063,1
1064,5
1065,5
1066,5
1067,7
1068,5
1069,8
1070,9
1071,7
1072,0
1073,9
1074,9
1075,9
1076,0
1077,0
1078,5
1079,9
1080,9
1081,9
1082,0
1083,9
1084,5
1085,0
1086,0
1087,1
1088,2
1089,3
1090,9
1091,5
1092,5
1093,5
1094,9
1095,1
1096,5
1097,9
1098,5
1099,8
1100,5
1101,9
1102,8
1103,5
1104,5
1105,9
1106,9
1107,5
1108,1
1109,5
1110,5
1111,7
1112,5
1113,5
1114,5
1115,5
1116,9
1117,7
1118,7
1119,5
1120,3
1121,9
1122,9
1123,0
1124,5
1125,7
1126,7
1127,5
1128,5
1129,5
1130,9
1131,9
1132,5
1133,9
1134,5
1135,9
1136,5
1137,5
1138,5
1139,0
1140,5
1141,5
1142,0
1143,5
1144,5
1145,0
1146,3
1147,5
1148,7
1149,5
1150,5
1151,5
1152,5
1153,5
1154,5
1155,5
1156,9
1157,7
1158,5
1159,3
1160,5
1161,0
1162,9
1163,9
1164,7
1165,0
1166,5
1167,1
1168,7
1169,5
1170,9
1171,5
1172,7
1173,3
1174,9
1175,9
1176,1
1177,5
1178,8
1179,5
1180,0
1181,9
1182,5
1183,9
1184,1
1185,9
1186,1
1187,9
1188,0
1189,0
1190,5
1191,5
1192,5
1193,5
1194,0
1195,0
1196,0
1197,8
1198,0
1199,5
1200,0
1201,0
1202,1
1203,1
1204,5
1205,9
1206,9
1207,1
1208,1
1209,9
1210,9
1211,9
1212,1
1213,5
1214,9
1215,8
1216,0
1217,2
1218,1
1219,3
1220,9
1221,0
1222,1
1223,9
1224,1
1225,1
1226,1
1227,9
1228,8
1229,1
1230,0
1231,9
1232,9
1233,8
1234,1
1235,9
1236,8
1237,5
1238,9
1239,9
1240,0
1241,8
1242,9
1243,6
1244,9
1245,9
1246,5
1247,9
1248,9
1249,0
1250,9
1251,1
1252,9
1253,0
1254,9
1255,9
1256,1
1257,0
1258,9
1259,1
1260,1
1261,5
1262,9
1263,9
1264,5
1265,8
1266,9
1267,0
1268,9
1269,1
1270,5
1271,8
1272,9
1273,1
1274,9
1275,9
1276,0
1277,8
1278,9
1279,5
1280,9
1281,1
1282,1
1283,8
1284,9
1285,9
1286,9
1287,7
1288,0
1289,9
1290,9
1291,9
1292,3
1293,0
1294,0
1295,5
1296,0
1297,9
1298,8
1299,5
1300,8
1301,9
1302,5
1303,9
1304,0
1305,8
1306,0
1307,1
1308,9
1309,1
1310,0
1311,0
1312,8
1313,5
1314,9
1315,9
1316,0
1317,5
1318,9
1319,9
1320,1
1321,1
1322,5
1323,9
1324,7
1325,0
1326,8
1327,1
1328,8
1329,1
1330,8
1331,0
1332,8
1333,9
1334,1
1335,0
1336,9
1337,9
1338,0
1339,1
1340,8
1341,0
1342,9
1343,8
1344,5
1345,6
1346,1
1347,5
1348,9
1349,1
1350,5
1351,1
1352,8
1353,5
1354,8
1355,1
1356,0
1357,8
1358,9
1359,8
1360,1
1361,9
1362,5
1363,5
1364,7
1365,5
1366,9
1367,1
1368,1
1369,1
1370,5
1371,6
1372,9
1373,0
1374,9
1375,1
1376,9
1377,1
1378,5
1379,5
1380,8
1381,8
1382,9
1383,7
1384,3
1385,7
1386,9
1387,9
1388,9
1389,9
1390,1
1391,8
1392,0
1393,8
1394,9
1395,5
1396,9
1397,9
1398,9
1399,0
1400,0
1401,0
1402,9
1403,0
1404,7
1405,9
1406,0
1407,9
1408,0
1409,5
1410,7
1411,7
1412,1
1413,7
1414,5
1415,0
1416,1
1417,9
1418,1
1419,9
1420,8
1421,3
1422,5
1423,9
1424,0
1425,0
1426,1
1427,5
1428,1
1429,7
1430,1
1431,1
1432,0
1433,1
1434,0
1435,7
1436,7
1437,7
1438,5
1439,5
1440,5
1441,1
1442,1
1443,9
1444,7
1445,9
1446,7
1447,1
1448,5
1449,1
1450,1
1451,9
1452,1
1453,1
1454,7
1455,0
1456,9
1457,0
1458,9
1459,1
1460,5
1461,0
1462,9
1463,8
1464,7
1465,0
1466,9
1467,7
1468,9
1469,0
1470,7
1471,0
1472,9
1473,9
1474,9
1475,9
1476,9
1477,9
1478,7
1479,0
1480,7
1481,0
1482,9
1483,0
1484,7
1485,9
1486,9
1487,9
1488,7
1489,7
1490,1
1491,5
1492,1
1493,0
1494,9
1495,7
1496,9
1497,8
1498,0
1499,5
1500,7
1501,7
1502,0
1503,7
1504,7
1505,0
1506,7
1507,7
1508,7
1509,0
1510,7
1511,9
1512,0
1513,9
1514,1
1515,9
1516,2
1517,3
1518,7
1519,9
1520,7
1521,1
1522,9
1523,0
1524,7
1525,7
1526,5
1527,9
1528,0
1529,5
1530,9
1531,7
1532,7
1533,7
1534,7
1535,9
1536,9
1537,7
1538,0
1539,7
1540,5
1541,9
1542,7
1543,9
1544,9
1545,7
1546,9
1547,5
1548,9
1549,7
1550,0
1551,0
1552,9
1553,9
1554,7
1555,5
1556,0
1557,5
1558,0
1559,9
1560,9
1561,5
1562,7
1563,7
1564,0
1565,7
1566,0
1567,7
1568,9
1569,7
1570,1
1571,0
1572,9
1573,9
1574,9
1575,8
1576,1
1577,0
1578,9
1579,9
1580,7
1581,0
1582,7
1583,1
1584,9
1585,0
1586,5
1587,9
1588,7
1589,7
1590,7
1591,7
1592,0
1593,7
1594,9
1595,9
1596,9
1597,7
1598,9
1599,0
1600,0
1601,0
1602,9
1603,8
1604,8
1605,1
1606,0
1607,8
1608,8
1609,8
1610,8
1611,8
1612,8
1613,0
1614,0
1615,8
1616,0
1617,8
1618,8
1619,2
1620,8
1621,0
1622,0
1623,1
1624,8
1625,9
1626,0
1627,1
1628,1
1629,8
1630,2
1631,1
1632,0
1633,8
1634,0
1635,8
1636,8
1637,8
1638,9
1639,1
1640,2
1641,8
1642,8
1643,8
1644,0
1645,1
1646,8
1647,8
1648,8
1649,8
1650,8
1651,0
1652,0
1653,0
1654,8
1655,0
1656,0
1657,1
1658,0
1659,8
1660,0
1661,8
1662,0
1663,0
1664,1
1665,1
1666,1
1667,8
1668,0
1669,8
1670,1
1671,1
1672,8
1673,0
1674,8
1675,8
1676,8
1677,8
1678,9
1679,1
1680,8
1681,8
1682,8
1683,0
1684,8
1685,8
1686,0
1687,8
1688,0
1689,2
1690,8
1691,1
1692,9
1693,8
1694,8
1695,0
1696,8
1697,8
1698,8
1699,0
1700,8
1701,8
1702,8
1703,0
1704,1
1705,8
1706,8
1707,9
1708,1
1709,8
1710,1
1711,8
1712,0
1713,0
1714,1
1715,0
1716,8
1717,8
1718,9
1719,9
1720,8
1721,8
1722,8
1723,8
1724,8
1725,1
1726,0
1727,9
1728,8
1729,8
1730,0
1731,8
1732,1
1733,8
1734,8
1735,8
1736,5
1737,0
1738,8
1739,3
1740,8
1741,9
1742,8
1743,8
1744,1
1745,1
1746,0
1747,8
1748,0
1749,9
1750,7
1751,5
1752,8
1753,0
1754,5
1755,8
1756,8
1757,8
1758,8
1759,1
1760,9
1761,9
1762,8
1763,9
1764,8
1765,9
1766,0
1767,8
1768,8
1769,8
1770,8
1771,8
1772,1
1773,0
1774,9
1775,1
1776,1
1777,5
1778,0
1779,8
1780,9
1781,8
1782,8
1783,8
1784,8
1785,8
1786,1
1787,0
1788,8
1789,1
1790,8
1791,0
1792,8
1793,0
1794,8
1795,8
1796,0
1797,8
1798,8
1799,0
1800,9
1801,9
1802,9
1803,9
1804,9
1805,9
1806,1
1807,0
1808,9
1809,9
1810,9
1811,0
1812,9
1813,1
1814,0
1815,9
1816,9
1817,9
1818,8
1819,9
1820,0
1821,9
1822,0
1823,9
1824,9
1825,9
1826,0
1827,0
1828,9
1829,9
1830,9
1831,0
1832,9
1833,9
1834,9
1835,0
1836,9
1837,1
1838,1
1839,9
1840,1
1841,1
1842,9
1843,1
1844,0
1845,1
1846,9
1847,8
1848,9
1849,9
1850,1
1851,9
1852,8
1853,9
1854,1
1855,9
1856,1
1857,8
1858,1
1859,1
1860,9
1861,0
1862,1
1863,9
1864,9
1865,1
1866,1
1867,0
1868,9
1869,1
1870,9
1871,8
1872,0
1873,9
1874,8
1875,9
1876,9
1877,1
1878,9
1879,9
1880,1
1881,1
1882,1
1883,9
1884,9
1885,9
1886,1
1887,9
1888,1
1889,9
1890,1
1891,9
1892,1
1893,8
1894,0
1895,8
1896,9
1897,8
1898,9
1899,0
1900,1
1901,0
1902,9
1903,8
1904,9
1905,1
1906,9
1907,1
1908,1
1909,9
1910,1
1911,9
1912,9
1913,9
1914,9
1915,0
1916,1
1917,1
1918,1
1919,0
1920,1
1921,1
1922,9
1923,5
1924,9
1925,1
1926,1
1927,1
1928,1
1929,9
1930,9
1931,0
1932,1
1933,9
1934,9
1935,8
1936,9
1937,1
1938,8
1939,9
1940,9
1941,9
1942,1
1943,9
1944,9
1945,1
1946,1
1947,1
1948,1
1949,1
1950,8
1951,9
1952,0
1953,0
1954,0
1955,0
1956,0
1957,9
1958,9
1959,1
1960,9
1961,1
1962,0
1963,1
1964,0
1965,1
1966,9
1967,0
1968,1
1969,9
1970,1
1971,9
1972,9
1973,0
1974,0
1975,1
1976,9
1977,9
1978,0
1979,8
1980,8
1981,9
1982,9
1983,8
1984,9
1985,1
1986,9
1987,0
1988,0
1989,9
1990,9
1991,0
1992,9
1993,5
1994,8
1995,1
1996,1
1997,9
1998,9
1999,8
2000,8
2001,8
2002,0
2003,0
2004,5
2005,1
2006,9
2007,0
2008,5
2009,1
2010,0
2011,9
2012,5
2013,7
2014,9
2015,9
2016,9
2017,0
2018,0
2019,0
2020,1
2021,0
2022,0
2023,1
2024,7
2025,9
2026,9
2027,0
2028,9
2029,1
2030,9
2031,0
2032,0
2033,3
2034,9
2035,9
2036,9
2037,1
2038,1
2039,5
2040,0
2041,1
2042,7
2043,1
2044,0
2045,9
2046,5
2047,9
2048,7
2049,9
2050,9
2051,8
2052,5
2053,9
2054,8
2055,8
2056,7
2057,1
2058,5
2059,3
2060,9
2061,8
2062,1
2063,0
2064,1
2065,9
2066,1
2067,0
2068,9
2069,9
2070,0
2071,0
2072,8
2073,8
2074,0
2075,2
2076,0
2077,5
2078,5
2079,8
2080,8
2081,1
2082,1
2083,0
2084,0
2085,7
2086,9
2087,5
2088,8
2089,9
2090,0
2091,1
2092,8
2093,9
2094,7
2095,9
2096,1
2097,0
2098,0
2099,0
2100,5
2101,5
2102,7
2103,9
2104,1
2105,1
2106,8
2107,1
2108,0
2109,5
2110,0
2111,0
2112,1
2113,2
2114,9
2115,0
2116,0
2117,7
2118,5
2119,5
2120,0
2121,0
2122,1
2123,0
2124,8
2125,1
2126,8
2127,9
2128,1
2129,0
2130,5
2131,1
2132,0
2133,9
2134,1
2135,5
2136,9
2137,7
2138,5
2139,0
2140,5
2141,5
2142,8
2143,5
2144,8
2145,0
2146,9
2147,5
2148,9
2149,5
2150,1
2151,1
2152,1
2153,1
2154,0
2155,9
2156,5
2157,8
2158,5
2159,0
2160,2
2161,1
2162,9
2163,9
2164,0
2165,0
2166,0
2167,1
2168,9
2169,0
2170,1
2171,1
2172,0
2173,8
2174,9
2175,9
2176,0
2177,9
2178,1
2179,0
2180,0
2181,9
2182,1
2183,5
2184,9
2185,8
2186,1
2187,0
2188,3
2189,0
2190,9
2191,8
2192,0
2193,1
2194,9
2195,9
2196,8
2197,5
2198,0
2199,5
2200,9
2201,0
2202,8
2203,9
2204,1
2205,5
2206,8
2207,5
2208,1
2209,8
2210,0
2211,8
2212,9
2213,9
2214,1
2215,0
2216,0
2217,9
2218,5
2219,9
2220,9
2221,1
2222,9
2223,5
2224,9
2225,9
2226,0
2227,0
2228,3
2229,0
2230,5
2231,1
2232,5
2233,1
2234,8
2235,0
2236,9
2237,0
2238,5
2239,5
2240,1
2241,1
2242,8
2243,9
2244,0
2245,0
2246,1
2247,5
2248,5
2249,1
2250,3
2251,5
2252,9
2253,9
2254,0
2255,0
2256,0
2257,8
2258,1
2259,1
2260,8
2261,8
2262,8
2263,9
2264,1
2265,8
2266,1
2267,1
2268,5
2269,5
2270,5
2271,3
2272,1
2273,5
2274,8
2275,0
2276,0
2277,7
2278,9
2279,9
2280,8
2281,0
2282,5
2283,1
2284,0
2285,9
2286,1
2287,0
2288,9
2289,9
2290,1
2291,5
2292,9
2293,1
2294,5
2295,0
2296,1
2297,0
2298,0
2299,7
2300,6
2301,8
2302,9
2303,0
2304,5
2305,8
2306,8
2307,0
2308,1
2309,5
2310,8
2311,9
2312,0
2313,5
2314,0
2315,0
2316,1
2317,9
2318,5
2319,5
2320,5
2321,8
2322,0
2323,5
2324,9
2325,9
2326,9
2327,7
2328,7
2329,9
2330,1
2331,9
2332,1
2333,1
2334,9
2335,1
2336,8
2337,9
2338,0
2339,7
2340,0
2341,9
2342,0
2343,1
2344,0
2345,3
2346,0
2347,9
2348,8
2349,9
2350,9
2351,1
2352,8
2353,2
2354,5
2355,7
2356,5
2357,0
2358,8
2359,0
2360,9
2361,5
2362,8
2363,0
2364,9
2365,0
2366,0
2367,1
2368,0
2369,1
2370,0
2371,7
2372,9
2373,0
2374,2
2375,9
2376,0
2377,0
2378,0
2379,9
2380,1
2381,0
2382,0
2383,0
2384,5
2385,0
2386,7
2387,9
2388,2
2389,9
2390,1
2391,2
2392,1
2393,5
2394,0
2395,9
2396,0
2397,0
2398,0
2399,8
2400,9
2401,1
2402,9
2403,0
2404,8
2405,9
2406,0
2407,8
2408,8
2409,7
2410,7
2411,0
2412,1
2413,0
2414,9
2415,9
2416,7
2417,9
2418,7
2419,9
2420,1
2421,5
2422,0
2423,0
2424,5
2425,9
2426,5
2427,9
2428,9
2429,6
2430,3
2431,5
2432,5
2433,9
2434,9
2435,9
2436,9
2437,5
2438,8
2439,1
2440,0
2441,5
2442,9
2443,9
2444,7
2445,9
2446,5
2447,0
2448,5
2449,0
2450,0
2451,0
2452,5
2453,5
2454,9
2455,0
2456,5
2457,5
2458,1
2459,9
2460,3
2461,9
2462,1
2463,5
2464,9
2465,1
2466,7
2467,3
2468,7
2469,8
2470,5
2471,8
2472,8
2473,0
2474,0
2475,7
2476,7
2477,0
2478,8
2479,0
2480,8
2481,9
2482,0
2483,5
2484,5
2485,0
2486,1
2487,9
2488,5
2489,0
2490,1
2491,0
2492,0
2493,8
2494,1
2495,8
2496,0
2497,5
2498,0
2499,0
2500,9
2501,0
2502,5
2503,0
2504,9
2505,0
2506,9
2507,0
2508,3
2509,0
2510,5
2511,9
2512,5
2513,1
2514,5
2515,8
2516,8
2517,1
2518,7
2519,1
2520,9
2521,9
2522,0
2523,7
2524,1
2525,9
2526,5
2527,8
2528,1
2529,9
2530,8
2531,9
2532,1
2533,5
2534,1
2535,9
2536,5
2537,5
2538,8
2539,0
2540,1
2541,7
2542,0
2543,7
2544,5
2545,9
2546,1
2547,1
2548,9
2549,5
2550,0
2551,9
2552,1
2553,3
2554,9
2555,0
2556,9
2557,5
2558,9
2559,8
2560,0
2561,7
2562,1
2563,0
2564,0
2565,5
2566,9
2567,5
2568,9
2569,0
2570,8
2571,7
2572,8
2573,1
2574,3
2575,9
2576,8
2577,0
2578,9
2579,9
2580,9
2581,0
2582,8
2583,7
2584,0
2585,9
2586,9
2587,0
2588,8
2589,1
2590,9
2591,1
2592,0
2593,1
2594,1
2595,0
2596,0
2597,9
2598,5
2599,9
2600,9
2601,5
2602,0
2603,5
2604,1
2605,9
2606,1
2607,5
2608,3
2609,9
2610,5
2611,1
2612,8
2613,8
2614,9
2615,8
2616,1
2617,9
2618,9
2619,1
2620,0
2621,1
2622,1
2623,9
2624,7
2625,1
2626,1
2627,9
2628,7
2629,1
2630,8
2631,2
2632,5
2633,5
2634,5
2635,3
2636,8
2637,0
2638,0
2639,5
2640,5
2641,9
2642,7
2643,9
2644,9
2645,1
2646,5
2647,5
2648,5
2649,9
2650,5
2651,9
2652,8
2653,9
2654,9
2655,2
2656,1
2657,9
2658,9
2659,8
2660,0
2661,1
2662,7
2663,0
2664,3
2665,0
2666,9
2667,0
2668,1
2669,0
2670,9
2671,9
2672,5
2673,8
2674,0
2675,8
2676,9
2677,1
2678,0
2679,9
2680,1
2681,6
2682,8
2683,8
2684,1
2685,8
2686,9
2687,7
2688,0
2689,9
2690,5
2691,2
2692,0
2693,0
2694,8
2695,1
2696,0
2697,1
2698,7
2699,5
2700,0
2701,0
2702,5
2703,8
2704,0
2705,8
2706,0
2707,1
2708,8
2709,8
2710,2
2711,0
2712,8
2713,7
2714,1
2715,9
2716,3
2717,8
2718,2
2719,9
2720,9
2721,1
2722,8
2723,1
2724,8
2725,1
2726,1
2727,1
2728,1
2729,0
2730,9
2731,0
2732,8
2733,9
2734,8
2735,0
2736,1
2737,0
2738,1
2739,0
2740,5
2741,9
2742,8
2743,9
2744,1
2745,7
2746,9
2747,0
2748,0
2749,5
2750,9
2751,0
2752,8
2753,1
2754,9
2755,0
2756,8
2757,0
2758,5
2759,1
2760,1
2761,5
2762,1
2763,0
2764,1
2765,0
2766,9
2767,9
2768,7
2769,0
2770,1
2771,8
2772,9
2773,5
2774,0
2775,9
2776,3
2777,5
2778,0
2779,1
2780,9
2781,1
2782,7
2783,8
2784,1
2785,0
2786,9
2787,1
2788,9
2789,8
2790,0
2791,0
2792,5
2793,9
2794,0
2795,5
2796,1
2797,9
2798,7
2799,5
2800,7
2801,1
2802,2
2803,9
2804,7
2805,9
2806,1
2807,9
2808,7
2809,0
2810,3
2811,8
2812,7
2813,5
2814,0
2815,8
2816,9
2817,9
2818,0
2819,8
2820,8
2821,8
2822,8
2823,8
2824,1
2825,9
2826,1
2827,1
2828,0
2829,0
2830,1
2831,5
2832,3
2833,5
2834,0
2835,9
2836,1
2837,0
2838,9
2839,2
2840,7
2841,1
2842,7
2843,5
2844,1
2845,8
2846,7
2847,0
2848,8
2849,0
2850,5
2851,9
2852,8
2853,1
2854,0
2855,9
2856,7
2857,0
2858,0
2859,8
2860,7
2861,1
2862,9
2863,0
2864,0
2865,0
2866,1
2867,3
2868,1
2869,1
2870,9
2871,1
2872,4
2873,2
2874,5
2875,0
2876,1
2877,7
2878,2
2879,9
2880,8
2881,8
2882,1
2883,0
2884,8
2885,0
2886,0
2887,1
2888,0
2889,7
2890,1
2891,9
2892,0
2893,5
2894,9
2895,1
2896,9
2897,9
2898,0
2899,5
2900,5
2901,3
2902,1
2903,9
2904,9
2905,0
2906,8
2907,8
2908,8
2909,8
2910,5
2911,5
2912,0
2913,5
2914,0
2915,1
2916,5
2917,0
2918,8
2919,0
2920,5
2921,9
2922,0
2923,1
2924,9
2925,5
2926,8
2927,3
2928,0
2929,8
2930,1
2931,0
2932,9
2933,5
2934,7
2935,3
2936,3
2937,7
2938,1
2939,8
2940,1
2941,0
2942,9
2943,7
2944,0
2945,5
2946,0
2947,9
2948,1
2949,8
2950,0
2951,1
2952,9
2953,1
2954,7
2955,9
2956,8
2957,9
2958,7
2959,8
2960,9
2961,1
2962,8
2963,9
2964,5
2965,0
2966,1
2967,0
2968,1
2969,8
2970,9
2971,9
2972,9
2973,1
2974,0
2975,0
2976,0
2977,8
2978,1
2979,1
2980,0
2981,1
2982,5
2983,8
2984,9
2985,0
2986,9
2987,1
2988,0
2989,0
2990,1
2991,9
2992,8
2993,9
2994,9
2995,9
2996,8
2997,1
2998,5
2999,8
3000,5
3001,0
3002,0
3003,5
3004,8
3005,1
3006,1
3007,0
3008,1
3009,9
3010,0
3011,8
3012,1
3013,1
3014,0
3015,9
3016,1
3017,9
3018,0
3019,0
3020,1
3021,0
3022,0
3023,0
3024,3
3025,5
3026,1
3027,1
3028,0
3029,1
3030,9
3031,8
3032,8
3033,0
3034,5
3035,7
3036,0
3037,9
3038,2
3039,9
3040,5
3041,9
3042,1
3043,0
3044,8
3045,9
3046,5
3047,1
3048,1
3049,1
3050,0
3051,9
3052,8
3053,5
3054,1
3055,3
3056,9
3057,7
3058,3
3059,8
3060,9
3061,1
3062,9
3063,9
3064,9
3065,8
3066,1
3067,0
3068,9
3069,1
3070,5
3071,1
3072,8
3073,7
3074,5
3075,8
3076,0
3077,0
3078,0
3079,1
3080,9
3081,9
3082,9
3083,0
3084,5
3085,9
3086,7
3087,9
3088,5
3089,1
3090,8
3091,8
3092,9
3093,0
3094,5
3095,5
3096,9
3097,5
3098,1
3099,0
3100,7
3101,8
3102,8
3103,0
3104,9
3105,5
3106,1
3107,1
3108,0
3109,0
3110,0
3111,8
3112,3
3113,8
3114,9
3115,1
3116,8
3117,5
3118,9
3119,7
3120,9
3121,8
3122,0
3123,8
3124,0
3125,9
3126,0
3127,8
3128,1
3129,9
3130,0
3131,1
3132,9
3133,0
3134,1
3135,3
3136,9
3137,9
3138,9
3139,8
3140,5
3141,9
3142,9
3143,9
3144,1
3145,1
3146,0
3147,0
3148,5
3149,9
3150,1
3151,5
3152,0
3153,8
3154,9
3155,1
3156,1
3157,1
3158,1
3159,9
3160,8
3161,1
3162,7
3163,7
3164,8
3165,0
3166,0
3167,1
3168,2
3169,0
3170,5
3171,9
3172,5
3173,3
3174,1
3175,9
3176,1
3177,1
3178,9
3179,5
3180,9
3181,1
3182,1
3183,0
3184,9
3185,9
3186,0
3187,1
3188,0
3189,0
3190,1
3191,1
3192,0
3193,5
3194,0
3195,9
3196,0
3197,0
3198,8
3199,8
3200,8
3201,9
3202,5
3203,8
3204,0
3205,8
3206,1
3207,0
3208,9
3209,7
3210,0
3211,9
3212,9
3213,1
3214,8
3215,7
3216,1
3217,1
3218,8
3219,5
3220,9
3221,1
3222,1
3223,0
3224,7
3225,9
3226,8
3227,0
3228,0
3229,1
3230,5
3231,1
3232,1
3233,0
3234,1
3235,5
3236,1
3237,0
3238,1
3239,5
3240,5
3241,1
3242,1
3243,8
3244,5
3245,0
3246,9
3247,0
3248,5
3249,0
3250,9
3251,5
3252,5
3253,8
3254,2
3255,0
3256,5
3257,5
3258,9
3259,8
3260,1
3261,0
3262,8
3263,0
3264,8
3265,9
3266,8
3267,7
3268,0
3269,3
3270,1
3271,8
3272,7
3273,6
3274,5
3275,0
3276,1
3277,9
3278,0
3279,9
3280,9
3281,8
3282,8
3283,0
3284,8
3285,8
3286,8
3287,8
3288,1
3289,9
3290,0
3291,0
3292,0
3293,9
3294,0
3295,0
3296,9
3297,0
3298,9
3299,8
3300,9
3301,1
3302,9
3303,5
3304,1
3305,9
3306,1
3307,2
3308,5
3309,3
3310,0
3311,0
3312,9
3313,1
3314,9
3315,5
3316,9
3317,9
3318,9
3319,0
3320,7
3321,8
3322,0
3323,0
3324,0
3325,0
3326,5
3327,5
3328,5
3329,9
3330,9
3331,1
3332,1
3333,0
3334,2
3335,1
3336,5
3337,5
3338,1
3339,9
3340,1
3341,0
3342,1
3343,0
3344,9
3345,5
3346,1
3347,8
3348,0
3349,8
3350,5
3351,7
3352,0
3353,8
3354,1
3355,0
3356,7
3357,8
3358,8
3359,9
3360,9
3361,1
3362,5
3363,1
3364,5
3365,0
3366,0
3367,9
3368,1
3369,8
3370,1
3371,1
3372,1
3373,5
3374,2
3375,7
3376,9
3377,0
3378,1
3379,9
3380,5
3381,9
3382,0
3383,8
3384,1
3385,5
3386,0
3387,9
3388,5
3389,9
3390,9
3391,1
3392,0
3393,9
3394,9
3395,9
3396,8
3397,0
3398,7
3399,2
3400,5
3401,1
3402,9
3403,5
3404,1
3405,1
3406,9
3407,8
3408,1
3409,5
3410,1
3411,7
3412,1
3413,1
3414,0
3415,5
3416,5
3417,0
3418,3
3419,8
3420,7
3421,1
3422,0
3423,1
3424,1
3425,5
3426,0
3427,8
3428,9
3429,8
3430,8
3431,9
3432,9
3433,7
3434,0
3435,1
3436,9
3437,1
3438,8
3439,1
3440,0
3441,7
3442,9
3443,0
3444,1
3445,5
3446,0
3447,8
3448,5
3449,1
3450,2
3451,8
3452,1
3453,1
3454,9
3455,9
3456,9
3457,1
3458,9
3459,9
3460,1
3461,0
3462,5
3463,0
3464,1
3465,9
3466,1
3467,1
3468,8
3469,0
3470,0
3471,0
3472,9
3473,9
3474,7
3475,1
3476,9
3477,9
3478,9
3479,1
3480,1
3481,2
3482,8
3483,9
3484,5
3485,9
3486,7
3487,1
3488,0
3489,9
3490,8
3491,1
3492,1
3493,9
3494,7
3495,0
3496,2
3497,8
3498,9
3499,8
3500,9
3501,3
3502,5
3503,5
3504,1
3505,0
3506,7
3507,8
3508,8
3509,1
3510,0
3511,1
3512,0
3513,9
3514,9
3515,0
3516,0
3517,1
3518,1
3519,1
3520,0
3521,7
3522,5
3523,7
3524,1
3525,5
3526,5
3527,7
3528,2
3529,1
3530,1
3531,0
3532,8
3533,0
3534,1
3535,1
3536,9
3537,7
3538,0
3539,1
3540,8
3541,7
3542,5
3543,5
3544,0
3545,1
3546,1
3547,0
3548,3
3549,9
3550,9
3551,5
3552,3
3553,1
3554,0
3555,0
3556,8
3557,8
3558,1
3559,0
3560,0
3561,5
3562,8
3563,9
3564,1
3565,7
3566,7
3567,9
3568,1
3569,8
3570,9
3571,5
3572,9
3573,8
3574,9
3575,1
3576,9
3577,5
3578,9
3579,0
3580,1
3581,5
3582,9
3583,1
3584,9
3585,7
3586,5
3587,2
3588,5
3589,1
3590,0
3591,1
3592,7
3593,9
3594,5
3595,9
3596,0
3597,5
3598,5
3599,5
3600,8
3601,9
3602,7
3603,0
3604,1
3605,0
3606,3
3607,9
3608,9
3609,7
3610,5
3611,8
3612,8
3613,1
3614,1
3615,1
3616,7
3617,0
3618,0
3619,1
3620,5
3621,1
3622,9
3623,0
3624,5
3625,0
3626,0
3627,9
3628,1
3629,9
3630,9
3631,9
3632,0
3633,8
3634,1
3635,1
3636,9
3637,5
3638,5
3639,9
3640,5
3641,0
3642,7
3643,9
3644,1
3645,8
3646,0
3647,7
3648,1
3649,9
3650,5
3651,0
3652,0
3653,8
3654,9
3655,8
3656,0
3657,5
3658,0
3659,7
3660,0
3661,8
3662,9
3663,1
3664,0
3665,1
3666,9
3667,1
3668,1
3669,1
3670,0
3671,8
3672,0
3673,0
3674,7
3675,2
3676,0
3677,1
3678,0
3679,0
3680,5
3681,0
3682,9
3683,0
3684,8
3685,9
3686,1
3687,0
3688,1
3689,0
3690,1
3691,0
3692,9
3693,7
3694,0
3695,9
3696,0
3697,8
3698,5
3699,9
3700,5
3701,7
3702,0
3703,8
3704,0
3705,9
3706,1
3707,1
3708,5
3709,0
3710,0
3711,1
3712,0
3713,1
3714,0
3715,7
3716,1
3717,7
3718,8
3719,0
3720,0
3721,0
3722,5
3723,8
3724,5
3725,0
3726,0
3727,9
3728,0
3729,8
3730,0
3731,8
3732,9
3733,9
3734,9
3735,0
3736,8
3737,5
3738,5
3739,1
3740,1
3741,5
3742,8
3743,1
3744,0
3745,5
3746,0
3747,9
3748,0
3749,0
3750,8
3751,1
3752,0
3753,9
3754,9
3755,5
3756,5
3757,9
3758,5
3759,5
3760,0
3761,1
3762,7
3763,5
3764,0
3765,1
3766,9
3767,7
3768,0
3769,1
3770,7
3771,1
3772,9
3773,5
3774,9
3775,9
3776,0
3777,9
3778,0
3779,5
3780,9
3781,9
3782,9
3783,8
3784,1
3785,2
3786,9
3787,5
3788,5
3789,0
3790,5
3791,9
3792,9
3793,5
3794,5
3795,8
3796,0
3797,1
3798,1
3799,0
3800,4
3801,5
3802,5
3803,5
3804,9
3805,8
3806,1
3807,7
3808,1
3809,8
3810,1
3811,1
3812,7
3813,1
3814,1
3815,9
3816,9
3817,9
3818,5
3819,0
3820,8
3821,9
3822,9
3823,0
3824,9
3825,0
3826,8
3827,0
3828,9
3829,0
3830,9
3831,1
3832,9
3833,8
3834,1
3835,1
3836,5
3837,9
3838,0
3839,7
3840,9
3841,1
3842,0
3843,8
3844,9
3845,9
3846,5
3847,5
3848,5
3849,9
3850,1
3851,0
3852,9
3853,9
3854,5
3855,5
3856,8
3857,5
3858,7
3859,9
3860,8
3861,8
3862,5
3863,1
3864,8
3865,0
3866,8
3867,9
3868,1
3869,0
3870,0
3871,3
3872,8
3873,9
3874,0
3875,0
3876,7
3877,0
3878,1
3879,0
3880,1
3881,9
3882,1
3883,5
3884,1
3885,5
3886,3
3887,5
3888,0
3889,0
3890,0
3891,8
3892,1
3893,1
3894,5
3895,0
3896,8
3897,8
3898,9
3899,7
3900,8
3901,5
3902,2
3903,0
3904,1
3905,1
3906,0
3907,1
3908,5
3909,9
3910,1
3911,0
3912,0
3913,9
3914,9
3915,9
3916,9
3917,8
3918,5
3919,0
3920,1
3921,8
3922,5
3923,1
3924,6
3925,1
3926,0
3927,1
3928,1
3929,5
3930,1
3931,6
3932,8
3933,5
3934,0
3935,5
3936,9
3937,1
3938,0
3939,0
3940,0
3941,1
3942,0
3943,8
3944,9
3945,9
3946,8
3947,1
3948,5
3949,0
3950,5
3951,7
3952,5
3953,0
3954,0
3955,7
3956,7
3957,9
3958,1
3959,0
3960,5
3961,0
3962,1
3963,0
3964,5
3965,0
3966,7
3967,9
3968,8
3969,9
3970,1
3971,5
3972,5
3973,0
3974,0
3975,1
3976,5
3977,5
3978,3
3979,9
3980,1
3981,5
3982,9
3983,7
3984,9
3985,1
3986,9
3987,8
3988,5
3989,5
3990,0
3991,1
3992,9
3993,0
3994,1
3995,0
3996,5
3997,9
3998,1
3999,0
4000,1
4001,5
4002,0
4003,9
4004,1
4005,5
4006,1
4007,8
4008,9
4009,1
4010,3
4011,9
4012,5
4013,0
4014,8
4015,9
4016,5
4017,9
4018,9
4019,9
4020,9
4021,8
4022,0
4023,1
4024,9
4025,5
4026,3
4027,0
4028,7
4029,5
4030,9
4031,1
4032,0
4033,0
4034,5
4035,5
4036,8
4037,1
4038,1
4039,0
4040,0
4041,0
4042,1
4043,8
4044,5
4045,1
4046,3
4047,9
4048,8
4049,5
4050,0
4051,5
4052,8
4053,0
4054,5
4055,5
4056,5
4057,5
4058,8
4059,8
4060,5
4061,5
4062,7
4063,1
4064,1
4065,5
4066,0
4067,1
4068,0
4069,1
4070,8
4071,1
4072,3
4073,0
4074,2
4075,9
4076,9
4077,0
4078,5
4079,2
4080,1
4081,9
4082,2
4083,5
4084,7
4085,0
4086,0
4087,0
4088,7
4089,7
4090,5
4091,0
4092,1
4093,1
4094,5
4095,0
4096,9
4097,0
4098,0
4099,1
4100,7
4101,1
4102,0
4103,1
4104,7
4105,1
4106,5
4107,5
4108,1
4109,0
4110,0
4111,9
4112,1
4113,0
4114,5
4115,5
4116,8
4117,0
4118,8
4119,9
4120,9
4121,1
4122,0
4123,0
4124,0
4125,0
4126,1
4127,0
4128,9
4129,0
4130,0
4131,9
4132,9
4133,8
4134,0
4135,8
4136,8
4137,5
4138,1
4139,8
4140,9
4141,7
4142,1
4143,9
4144,3
4145,9
4146,8
4147,9
4148,9
4149,1
4150,1
4151,5
4152,7
4153,8
4154,5
4155,0
4156,8
4157,8
4158,9
4159,9
4160,0
4161,0
4162,5
4163,7
4164,1
4165,0
4166,0
4167,7
4168,9
4169,8
4170,2
4171,9
4172,0
4173,0
4174,9
4175,5
4176,1
4177,9
4178,9
4179,1
4180,0
4181,8
4182,5
4183,8
4184,1
4185,8
4186,8
4187,9
4188,9
4189,2
4190,1
4191,9
4192,0
4193,0
4194,8
4195,3
4196,8
4197,9
4198,8
4199,9
4200,2
4201,5
4202,9
4203,0
4204,9
4205,9
4206,1
4207,0
4208,9
4209,0
4210,8
4211,7
4212,5
4213,1
4214,1
4215,0
4216,9
4217,8
4218,9
4219,8
4220,1
4221,8
4222,5
4223,0
4224,1
4225,0
4226,9
4227,8
4228,7
4229,5
4230,5
4231,0
4232,9
4233,0
4234,0
4235,0
4236,9
4237,5
4238,1
4239,7
4240,8
4241,0
4242,9
4243,9
4244,9
4245,9
4246,9
4247,5
4248,8
4249,0
4250,9
4251,5
4252,1
4253,7
4254,8
4255,8
4256,1
4257,0
4258,0
4259,0
4260,0
4261,9
4262,1
4263,9
4264,0
4265,8
4266,8
4267,9
4268,0
4269,1
4270,0
4271,1
4272,7
4273,1
4274,1
4275,1
4276,1
4277,5
4278,9
4279,9
4280,0
4281,5
4282,0
4283,9
4284,8
4285,5
4286,5
4287,0
4288,9
4289,9
4290,1
4291,5
4292,9
4293,8
4294,0
4295,8
4296,9
4297,7
4298,0
4299,9
4300,5
4301,9
4302,0
4303,7
4304,0
4305,0
4306,5
4307,9
4308,0
4309,8
4310,9
4311,7
4312,9
4313,7
4314,0
4315,5
4316,0
4317,5
4318,8
4319,7
4320,2
4321,0
4322,0
4323,1
4324,0
4325,5
4326,7
4327,0
4328,7
4329,9
4330,0
4331,0
4332,2
4333,6
4334,9
4335,5
4336,9
4337,9
4338,9
4339,5
4340,7
4341,0
4342,1
4343,9
4344,0
4345,1
4346,1
4347,8
4348,5
4349,5
4350,9
4351,9
4352,9
4353,9
4354,8
4355,1
4356,9
4357,1
4358,0
4359,8
4360,9
4361,1
4362,5
4363,9
4364,9
4365,5
4366,1
4367,0
4368,0
4369,1
4370,0
4371,0
4372,9
4373,0
4374,8
4375,0
4376,0
4377,9
4378,1
4379,0
4380,8
4381,5
4382,9
4383,5
4384,9
4385,0
4386,1
4387,1
4388,0
4389,8
4390,1
4391,0
4392,7
4393,1
4394,9
4395,0
4396,1
4397,3
4398,8
4399,8
4400,0
4401,8
4402,9
4403,8
4404,9
4405,9
4406,0
4407,9
4408,8
4409,9
4410,0
4411,0
4412,9
4413,1
4414,9
4415,5
4416,9
4417,7
4418,8
4419,5
4420,0
4421,0
4422,0
4423,0
4424,8
4425,1
4426,2
4427,8
4428,9
4429,8
4430,9
4431,8
4432,0
4433,0
4434,0
4435,0
4436,1
4437,8
4438,0
4439,1
4440,7
4441,0
4442,9
4443,8
4444,5
4445,0
4446,9
4447,0
4448,2
4449,5
4450,1
4451,8
4452,5
4453,0
4454,8
4455,1
4456,8
4457,1
4458,8
4459,5
4460,0
4461,0
4462,1
4463,0
4464,0
4465,9
4466,8
4467,9
4468,0
4469,9
4470,0
4471,8
4472,5
4473,8
4474,3
4475,1
4476,8
4477,9
4478,9
4479,0
4480,8
4481,9
4482,8
4483,0
4484,1
4485,9
4486,9
4487,5
4488,9
4489,2
4490,9
4491,0
4492,8
4493,9
4494,0
4495,8
4496,9
4497,0
4498,5
4499,9
4500,9
4501,5
4502,8
4503,8
4504,8
4505,1
4506,0
4507,5
4508,1
4509,0
4510,1
4511,1
4512,1
4513,0
4514,9
4515,9
4516,3
4517,1
4518,7
4519,0
4520,1
4521,5
4522,1
4523,0
4524,5
4525,1
4526,5
4527,8
4528,9
4529,9
4530,0
4531,0
4532,1
4533,5
4534,1
4535,9
4536,9
4537,1
4538,9
4539,0
4540,9
4541,1
4542,8
4543,0
4544,0
4545,0
4546,8
4547,0
4548,1
4549,9
4550,9
4551,9
4552,9
4553,8
4554,1
4555,9
4556,1
4557,9
4558,5
4559,0
4560,5
4561,1
4562,5
4563,0
4564,0
4565,5
4566,0
4567,9
4568,1
4569,0
4570,0
4571,9
4572,1
4573,9
4574,8
4575,5
4576,0
4577,8
4578,8
4579,1
4580,9
4581,1
4582,5
4583,9
4584,9
4585,0
4586,5
4587,9
4588,9
4589,0
4590,1
4591,8
4592,5
4593,8
4594,0
4595,1
4596,1
4597,5
4598,9
4599,9
4600,8
4601,1
4602,9
4603,0
4604,8
4605,7
4606,1
4607,1
4608,7
4609,9
4610,5
4611,5
4612,5
4613,5
4614,0
4615,7
4616,0
4617,9
4618,9
4619,9
4620,1
4621,8
4622,0
4623,8
4624,8
4625,1
4626,7
4627,0
4628,0
4629,0
4630,1
4631,5
4632,0
4633,0
4634,9
4635,9
4636,1
4637,9
4638,5
4639,9
4640,7
4641,7
4642,7
4643,8
4644,8
4645,1
4646,5
4647,1
4648,0
4649,5
4650,0
4651,0
4652,7
4653,4
4654,9
4655,0
4656,9
4657,9
4658,7
4659,2
4660,5
4661,0
4662,8
4663,0
4664,1
4665,1
4666,9
4667,1
4668,0
4669,1
4670,9
4671,0
4672,5
4673,0
4674,0
4675,5
4676,9
4677,7
4678,0
4679,0
4680,0
4681,0
4682,1
4683,5
4684,3
4685,7
4686,1
4687,8
4688,9
4689,9
4690,1
4691,9
4692,0
4693,9
4694,1
4695,9
4696,7
4697,9
4698,3
4699,7
4700,1
4701,1
4702,7
4703,0
4704,9
4705,9
4706,3
4707,1
4708,0
4709,0
4710,7
4711,5
4712,1
4713,8
4714,9
4715,0
4716,9
4717,8
4718,5
4719,5
4720,9
4721,8
4722,8
4723,4
4724,0
4725,0
4726,5
4727,9
4728,0
4729,0
4730,1
4731,5
4732,7
4733,1
4734,7
4735,5
4736,1
4737,1
4738,8
4739,0
4740,1
4741,5
4742,9
4743,9
4744,9
4745,8
4746,7
4747,8
4748,1
4749,0
4750,5
4751,5
4752,9
4753,7
4754,1
4755,7
4756,9
4757,1
4758,9
4759,9
4760,5
4761,9
4762,1
4763,7
4764,1
4765,8
4766,9
4767,0
4768,0
4769,9
4770,0
4771,9
4772,1
4773,1
4774,9
4775,5
4776,5
4777,5
4778,9
4779,1
4780,9
4781,9
4782,0
4783,0
4784,0
4785,9
4786,9
4787,1
4788,8
4789,9
4790,0
4791,7
4792,0
4793,9
4794,8
4795,1
4796,7
4797,9
4798,5
4799,8
4800,0
4801,8
4802,8
4803,5
4804,1
4805,0
4806,0
4807,1
4808,5
4809,1
4810,1
4811,0
4812,0
4813,1
4814,0
4815,8
4816,7
4817,9
4818,1
4819,1
4820,0
4821,5
4822,5
4823,9
4824,7
4825,0
4826,8
4827,5
4828,5
4829,0
4830,1
4831,9
4832,9
4833,0
4834,5
4835,7
4836,0
4837,0
4838,1
4839,9
4840,3
4841,2
4842,9
4843,9
4844,0
4845,9
4846,1
4847,0
4848,8
4849,5
4850,5
4851,8
4852,1
4853,9
4854,0
4855,9
4856,3
4857,0
4858,9
4859,9
4860,9
4861,1
4862,9
4863,1
4864,5
4865,9
4866,9
4867,9
4868,0
4869,0
4870,8
4871,5
4872,1
4873,9
4874,1
4875,0
4876,1
4877,0
4878,5
4879,0
4880,5
4881,7
4882,7
4883,2
4884,0
4885,5
4886,9
4887,1
4888,5
4889,5
4890,9
4891,0
4892,0
4893,8
4894,1
4895,7
4896,8
4897,9
4898,9
4899,1
4900,5
4901,8
4902,1
4903,0
4904,7
4905,5
4906,1
4907,0
4908,7
4909,5
4910,2
4911,1
4912,9
4913,0
4914,7
4915,9
4916,1
4917,0
4918,5
4919,8
4920,5
4921,8
4922,9
4923,9
4924,1
4925,9
4926,0
4927,8
4928,1
4929,1
4930,0
4931,9
4932,1
4933,0
4934,9
4935,0
4936,9
4937,9
4938,5
4939,1
4940,1
4941,8
4942,0
4943,1
4944,9
4945,9
4946,9
4947,1
4948,9
4949,5
4950,1
4951,0
4952,3
4953,8
4954,9
4955,9
4956,8
4957,2
4958,0
4959,8
4960,0
4961,7
4962,0
4963,3
4964,8
4965,9
4966,0
4967,7
4968,2
4969,0
4970,9
4971,9
4972,8
4973,1
4974,9
4975,9
4976,0
4977,9
4978,1
4979,0
4980,8
4981,9
4982,1
4983,5
4984,0
4985,0
4986,8
4987,1
4988,9
4989,5
4990,5
4991,3
4992,8
4993,0
4994,8
4995,3
4996,8
4997,5
4998,5
4999,9
5000,5
5001,1
5002,9
5003,0
5004,5
5005,5
5006,0
5007,0
5008,9
5009,7
5010,9
5011,1
5012,8
5013,1
5014,9
5015,1
5016,5
5017,5
5018,5
5019,5
5020,1
5021,1
5022,7
5023,5
5024,0
5025,1
5026,7
5027,1
5028,1
5029,1
5030,0
5031,5
5032,1
5033,9
5034,2
5035,5
5036,8
5037,8
5038,5
5039,1
5040,9
5041,7
5042,8
5043,8
5044,7
5045,9
5046,8
5047,1
5048,0
5049,3
5050,0
5051,8
5052,0
5053,9
5054,0
5055,1
5056,1
5057,7
5058,1
5059,7
5060,0
5061,7
5062,9
5063,2
5064,1
5065,3
5066,0
5067,9
5068,0
5069,0
5070,0
5071,5
5072,8
5073,9
5074,1
5075,8
5076,1
5077,1
5078,0
5079,8
5080,1
5081,9
5082,8
5083,0
5084,9
5085,1
5086,9
5087,0
5088,5
5089,8
5090,9
5091,0
5092,7
5093,1
5094,0
5095,9
5096,0
5097,9
5098,9
5099,9
5100,0
5101,7
5102,0
5103,6
5104,7
5105,9
5106,8
5107,9
5108,5
5109,8
5110,5
5111,0
5112,0
5113,6
5114,0
5115,0
5116,9
5117,0
5118,1
5119,9
5120,0
5121,9
5122,1
5123,0
5124,0
5125,8
5126,9
5127,5
5128,9
5129,9
5130,9
5131,9
5132,5
5133,9
5134,7
5135,7
5136,7
5137,5
5138,0
5139,1
5140,8
5141,9
5142,1
5143,5
5144,1
5145,9
5146,0
5147,2
5148,0
5149,1
5150,1
5151,8
5152,1
5153,1
5154,0
5155,8
5156,1
5157,9
5158,8
5159,7
5160,5
5161,1
5162,1
5163,9
5164,8
5165,9
5166,1
5167,0
5168,0
5169,9
5170,9
5171,0
5172,9
5173,1
5174,1
5175,1
5176,7
5177,2
5178,7
5179,0
5180,1
5181,9
5182,8
5183,5
5184,0
5185,8
5186,0
5187,9
5188,9
5189,0
5190,9
5191,0
5192,0
5193,0
5194,5
5195,5
5196,0
5197,1
5198,9
5199,9
5200,5
5201,5
5202,8
5203,1
5204,9
5205,8
5206,0
5207,0
5208,9
5209,2
5210,9
5211,8
5212,9
5213,9
5214,8
5215,1
5216,1
5217,7
5218,5
5219,8
5220,9
5221,5
5222,4
5223,7
5224,5
5225,1
5226,0
5227,9
5228,0
5229,8
5230,5
5231,5
5232,2
5233,8
5234,9
5235,0
5236,3
5237,9
5238,1
5239,1
5240,0
5241,7
5242,9
5243,8
5244,9
5245,7
5246,8
5247,5
5248,0
5249,9
5250,8
5251,5
5252,7
5253,8
5254,0
5255,5
5256,1
5257,0
5258,7
5259,8
5260,0
5261,0
5262,0
5263,1
5264,0
5265,8
5266,7
5267,5
5268,5
5269,7
5270,8
5271,5
5272,7
5273,8
5274,1
5275,7
5276,9
5277,7
5278,0
5279,1
5280,5
5281,0
5282,9
5283,1
5284,8
5285,1
5286,1
5287,9
5288,8
5289,8
5290,5
5291,5
5292,9
5293,1
5294,0
5295,8
5296,1
5297,0
5298,5
5299,0
5300,9
5301,0
5302,0
5303,8
5304,7
5305,9
5306,9
5307,9
5308,7
5309,7
5310,6
5311,9
5312,5
5313,2
5314,1
5315,1
5316,9
5317,7
5318,0
5319,9
5320,9
5321,1
5322,5
5323,5
5324,9
5325,8
5326,9
5327,8
5328,5
5329,0
5330,9
5331,8
5332,7
5333,0
5334,0
5335,0
5336,0
5337,0
5338,0
5339,9
5340,0
5341,0
5342,1
5343,7
5344,0
5345,7
5346,8
5347,9
5348,1
5349,3
5350,0
5351,1
5352,8
5353,5
5354,5
5355,8
5356,9
5357,0
5358,1
5359,5
5360,5
5361,5
5362,1
5363,9
5364,9
5365,9
5366,1
5367,7
5368,9
5369,0
5370,1
5371,0
5372,1
5373,1
5374,9
5375,5
5376,5
5377,7
5378,5
5379,0
5380,8
5381,5
5382,9
5383,8
5384,9
5385,8
5386,0
5387,9
5388,1
5389,1
5390,9
5391,9
5392,8
5393,5
5394,1
5395,9
5396,0
5397,9
5398,2
5399,1
5400,1
5401,0
5402,9
5403,8
5404,5
5405,7
5406,0
5407,1
5408,9
5409,1
5410,0
5411,0
5412,0
5413,0
5414,9
5415,1
5416,0
5417,0
5418,1
5419,3
5420,0
5421,0
5422,9
5423,3
5424,9
5425,0
5426,0
5427,9
5428,1
5429,0
5430,8
5431,0
5432,8
5433,9
5434,9
5435,0
5436,8
5437,7
5438,9
5439,9
5440,0
5441,1
5442,9
5443,7
5444,5
5445,0
5446,9
5447,5
5448,1
5449,9
5450,1
5451,5
5452,9
5453,0
5454,2
5455,9
5456,8
5457,5
5458,5
5459,1
5460,1
5461,8
5462,2
5463,9
5464,8
5465,7
5466,5
5467,0
5468,0
5469,1
5470,5
5471,1
5472,9
5473,8
5474,9
5475,0
5476,8
5477,9
5478,9
5479,3
5480,2
5481,5
5482,0
5483,0
5484,0
5485,1
5486,9
5487,5
5488,1
5489,1
5490,8
5491,5
5492,1
5493,5
5494,8
5495,5
5496,8
5497,1
5498,8
5499,0
5500,1
5501,1
5502,5
5503,3
5504,9
5505,9
5506,0
5507,1
5508,0
5509,9
5510,0
5511,9
5512,9
5513,9
5514,5
5515,8
5516,9
5517,8
5518,5
5519,9
5520,1
5521,0
5522,3
5523,9
5524,0
5525,9
5526,1
5527,1
5528,1
5529,9
5530,1
5531,9
5532,0
5533,5
5534,5
5535,5
5536,8
5537,0
5538,0
5539,5
5540,9
5541,8
5542,9
5543,1
5544,1
5545,5
5546,5
5547,9
5548,0
5549,1
5550,5
5551,0
5552,8
5553,0
5554,1
5555,9
5556,9
5557,7
5558,5
5559,7
5560,9
5561,5
5562,0
5563,8
5564,0
5565,1
5566,0
5567,1
5568,0
5569,9
5570,5
5571,0
5572,8
5573,0
5574,9
5575,8
5576,1
5577,1
5578,9
5579,8
5580,9
5581,7
5582,8
5583,0
5584,5
5585,8
5586,8
5587,0
5588,1
5589,9
5590,9
5591,1
5592,9
5593,5
5594,9
5595,0
5596,0
5597,1
5598,2
5599,5
5600,9
5601,5
5602,1
5603,1
5604,8
5605,5
5606,0
5607,2
5608,0
5609,9
5610,5
5611,9
5612,1
5613,5
5614,5
5615,7
5616,5
5617,5
5618,9
5619,1
5620,0
5621,0
5622,9
5623,5
5624,5
5625,8
5626,9
5627,0
5628,9
5629,1
5630,8
5631,1
5632,0
5633,8
5634,1
5635,5
5636,5
5637,5
5638,9
5639,1
5640,2
5641,8
5642,1
5643,9
5644,1
5645,9
5646,8
5647,1
5648,7
5649,5
5650,0
5651,1
5652,2
5653,8
5654,5
5655,9
5656,0
5657,9
5658,0
5659,9
5660,0
5661,1
5662,1
5663,1
5664,8
5665,7
5666,9
5667,5
5668,0
5669,2
5670,9
5671,5
5672,8
5673,0
5674,0
5675,0
5676,1
5677,9
5678,1
5679,0
5680,0
5681,0
5682,5
5683,8
5684,9
5685,5
5686,0
5687,1
5688,8
5689,7
5690,1
5691,1
5692,0
5693,8
5694,2
5695,8
5696,5
5697,5
5698,9
5699,9
5700,5
5701,1
5702,8
5703,1
5704,9
5705,9
5706,0
5707,9
5708,1
5709,5
5710,5
5711,1
5712,1
5713,5
5714,9
5715,9
5716,0
5717,1
5718,0
5719,9
5720,0
5721,0
5722,7
5723,1
5724,8
5725,9
5726,0
5727,9
5728,8
5729,8
5730,1
5731,0
5732,1
5733,5
5734,5
5735,5
5736,9
5737,5
5738,9
5739,7
5740,0
5741,0
5742,9
5743,9
5744,7
5745,1
5746,9
5747,1
5748,9
5749,8
5750,1
5751,7
5752,1
5753,1
5754,0
5755,1
5756,0
5757,5
5758,9
5759,0
5760,7
5761,9
5762,1
5763,1
5764,1
5765,1
5766,0
5767,1
5768,8
5769,9
5770,1
5771,0
5772,8
5773,9
5774,9
5775,1
5776,9
5777,7
5778,7
5779,0
5780,0
5781,0
5782,0
5783,5
5784,5
5785,9
5786,7
5787,5
5788,7
5789,1
5790,0
5791,5
5792,1
5793,5
5794,1
5795,7
5796,8
5797,0
5798,5
5799,7
5800,9
5801,2
5802,7
5803,8
5804,0
5805,9
5806,0
5807,8
5808,5
5809,9
5810,9
5811,7
5812,8
5813,8
5814,1
5815,0
5816,0
5817,8
5818,8
5819,9
5820,0
5821,8
5822,9
5823,0
5824,5
5825,0
5826,1
5827,9
5828,0
5829,0
5830,5
5831,1
5832,0
5833,1
5834,8
5835,9
5836,9
5837,9
5838,1
5839,5
5840,8
5841,9
5842,0
5843,0
5844,0
5845,0
5846,9
5847,0
5848,2
5849,9
5850,1
5851,5
5852,2
5853,0
5854,8
5855,1
5856,1
5857,0
5858,8
5859,3
5860,7
5861,7
5862,1
5863,2
5864,0
5865,7
5866,0
5867,9
5868,0
5869,8
5870,0
5871,0
5872,5
5873,0
5874,9
5875,7
5876,7
5877,7
5878,5
5879,0
5880,5
5881,5
5882,1
5883,5
5884,5
5885,9
5886,0
5887,0
5888,9
5889,1
5890,7
5891,8
5892,5
5893,0
5894,7
5895,8
5896,9
5897,0
5898,1
5899,1
5900,0
5901,8
5902,8
5903,0
5904,1
5905,0
5906,0
5907,8
5908,2
5909,9
5910,0
5911,9
5912,0
5913,9
5914,5
5915,1
5916,9
5917,0
5918,8
5919,9
5920,9
5921,8
5922,1
5923,0
5924,5
5925,1
5926,9
5927,0
5928,8
5929,9
5930,1
5931,5
5932,5
5933,7
5934,0
5935,7
5936,1
5937,8
5938,8
5939,1
5940,9
5941,1
5942,1
5943,0
5944,9
5945,9
5946,8
5947,0
5948,1
5949,5
5950,0
5951,1
5952,0
5953,9
5954,1
5955,0
5956,5
5957,0
5958,9
5959,9
5960,3
5961,8
5962,7
5963,9
5964,8
5965,0
5966,0
5967,9
5968,8
5969,1
5970,9
5971,0
5972,7
5973,1
5974,8
5975,9
5976,8
5977,1
5978,9
5979,9
5980,1
5981,8
5982,9
5983,0
5984,9
5985,9
5986,7
5987,1
5988,1
5989,9
5990,5
5991,0
5992,0
5993,5
5994,8
5995,9
5996,0
5997,5
5998,0
5999,1
6000,7
6001,0
6002,9
6003,0
6004,0
6005,1
6006,8
6007,9
6008,8
6009,5
6010,5
6011,0
6012,1
6013,1
6014,8
6015,1
6016,5
6017,5
6018,1
6019,9
6020,9
6021,9
6022,1
6023,9
6024,8
6025,1
6026,9
6027,1
6028,8
6029,5
6030,1
6031,0
6032,1
6033,0
6034,5
6035,5
6036,0
6037,0
6038,9
6039,9
6040,0
6041,9
6042,0
6043,5
6044,6
6045,7
6046,9
6047,9
6048,9
6049,9
6050,9
6051,1
6052,5
6053,9
6054,0
6055,1
6056,0
6057,7
6058,8
6059,1
6060,0
6061,5
6062,8
6063,1
6064,7
6065,5
6066,7
6067,1
6068,8
6069,9
6070,9
6071,8
6072,5
6073,5
6074,0
6075,5
6076,7
6077,9
6078,9
6079,8
6080,1
6081,0
6082,1
6083,8
6084,5
6085,8
6086,8
6087,5
6088,7
6089,9
6090,5
6091,9
6092,9
6093,9
6094,5
6095,8
6096,0
6097,0
6098,9
6099,5
6100,7
6101,5
6102,8
6103,0
6104,0
6105,7
6106,0
6107,1
6108,0
6109,5
6110,0
6111,0
6112,5
6113,1
6114,0
6115,8
6116,9
6117,0
6118,0
6119,8
6120,0
6121,0
6122,9
6123,0
6124,9
6125,8
6126,0
6127,0
6128,1
6129,1
6130,1
6131,1
6132,1
6133,9
6134,1
6135,7
6136,0
6137,5
6138,1
6139,0
6140,9
6141,8
6142,8
6143,9
6144,1
6145,0
6146,0
6147,9
6148,0
6149,9
6150,7
6151,9
6152,1
6153,0
6154,9
6155,9
6156,8
6157,9
6158,0
6159,5
6160,0
6161,9
6162,0
6163,1
6164,0
6165,0
6166,1
6167,0
6168,9
6169,8
6170,0
6171,0
6172,5
6173,0
6174,2
6175,1
6176,5
6177,9
6178,7
6179,0
6180,0
6181,0
6182,5
6183,9
6184,0
6185,0
6186,9
6187,0
6188,9
6189,1
6190,7
6191,9
6192,0
6193,1
6194,0
6195,0
6196,8
6197,7
6198,0
6199,0
6200,5
6201,1
6202,5
6203,9
6204,9
6205,7
6206,1
6207,1
6208,5
6209,0
6210,1
6211,9
6212,1
6213,9
6214,7
6215,0
6216,0
6217,0
6218,9
6219,0
6220,0
6221,0
6222,8
6223,0
6224,5
6225,8
6226,0
6227,5
6228,1
6229,1
6230,1
6231,0
6232,5
6233,1
6234,0
6235,9
6236,1
6237,1
6238,9
6239,9
6240,7
6241,0
6242,0
6243,6
6244,5
6245,0
6246,5
6247,9
6248,5
6249,9
6250,9
6251,0
6252,1
6253,1
6254,8
6255,7
6256,8
6257,8
6258,8
6259,5
6260,8
6261,0
6262,1
6263,9
6264,3
6265,9
6266,0
6267,0
6268,1
6269,0
6270,3
6271,0
6272,9
6273,5
6274,1
6275,5
6276,9
6277,1
6278,1
6279,0
6280,1
6281,8
6282,9
6283,9
6284,1
6285,1
6286,0
6287,0
6288,1
6289,0
6290,2
6291,0
6292,1
6293,9
6294,5
6295,0
6296,8
6297,9
6298,0
6299,1
6300,8
6301,1
6302,6
6303,5
6304,5
6305,0
6306,8
6307,2
6308,0
6309,5
6310,7
6311,0
6312,5
6313,0
6314,1
6315,1
6316,0
6317,8
6318,1
6319,0
6320,0
6321,5
6322,7
6323,5
6324,8
6325,9
6326,7
6327,1
6328,0
6329,0
6330,9
6331,9
6332,0
6333,9
6334,9
6335,9
6336,1
6337,1
6338,0
6339,7
6340,0
6341,1
6342,5
6343,5
6344,0
6345,8
6346,9
6347,0
6348,8
6349,0
6350,9
6351,8
6352,9
6353,9
6354,0
6355,9
6356,0
6357,9
6358,5
6359,2
6360,1
6361,8
6362,9
6363,9
6364,1
6365,8
6366,5
6367,0
6368,0
6369,8
6370,8
6371,1
6372,1
6373,0
6374,1
6375,5
6376,1
6377,7
6378,1
6379,1
6380,9
6381,7
6382,8
6383,5
6384,5
6385,8
6386,1
6387,2
6388,0
6389,8
6390,5
6391,1
6392,9
6393,9
6394,5
6395,7
6396,9
6397,8
6398,9
6399,1
6400,5
6401,1
6402,8
6403,8
6404,0
6405,1
6406,9
6407,8
6408,1
6409,8
6410,9
6411,5
6412,7
6413,9
6414,5
6415,0
6416,0
6417,9
6418,9
6419,0
6420,9
6421,9
6422,1
6423,5
6424,1
6425,1
6426,0
6427,9
6428,0
6429,5
6430,0
6431,8
6432,1
6433,5
6434,2
6435,9
6436,7
6437,1
6438,9
6439,9
6440,9
6441,1
6442,0
6443,5
6444,8
6445,1
6446,0
6447,8
6448,1
6449,1
6450,0
6451,0
6452,9
6453,0
6454,9
6455,8
6456,7
6457,5
6458,9
6459,8
6460,9
6461,0
6462,5
6463,9
6464,5
6465,9
6466,1
6467,0
6468,8
6469,5
6470,0
6471,8
6472,9
6473,9
6474,0
6475,1
6476,8
6477,0
6478,1
6479,1
6480,9
6481,8
6482,9
6483,8
6484,5
6485,9
6486,8
6487,9
6488,9
6489,7
6490,1
6491,8
6492,8
6493,5
6494,8
6495,5
6496,8
6497,8
6498,0
6499,9
6500,8
6501,9
6502,8
6503,9
6504,5
6505,1
6506,0
6507,9
6508,0
6509,7
6510,0
6511,9
6512,1
6513,1
6514,9
6515,0
6516,0
6517,8
6518,9
6519,0
6520,9
6521,9
6522,5
6523,0
6524,1
6525,0
6526,5
6527,9
6528,1
6529,1
6530,0
6531,1
6532,1
6533,8
6534,7
6535,0
6536,8
6537,1
6538,5
6539,0
6540,0
6541,8
6542,1
6543,1
6544,9
6545,9
6546,5
6547,8
6548,0
6549,1
6550,9
6551,5
6552,3
6553,9
6554,9
6555,9
6556,0
6557,0
6558,0
6559,9
6560,1
6561,5
6562,1
6563,9
6564,8
6565,1
6566,0
6567,5
6568,8
6569,9
6570,1
6571,5
6572,9
6573,9
6574,0
6575,1
6576,0
6577,8
6578,8
6579,1
6580,8
6581,5
6582,8
6583,0
6584,0
6585,8
6586,0
6587,5
6588,0
6589,5
6590,0
6591,0
6592,9
6593,9
6594,1
6595,1
6596,0
6597,9
6598,1
6599,8
6600,7
6601,9
6602,1
6603,9
6604,7
6605,1
6606,9
6607,1
6608,9
6609,0
6610,0
6611,1
6612,0
6613,1
6614,9
6615,5
6616,7
6617,9
6618,8
6619,9
6620,7
6621,8
6622,5
6623,5
6624,5
6625,9
6626,5
6627,5
6628,7
6629,8
6630,5
6631,5
6632,8
6633,1
6634,5
6635,5
6636,8
6637,5
6638,9
6639,1
6640,5
6641,5
6642,1
6643,2
6644,0
6645,9
6646,9
6647,1
6648,1
6649,0
6650,9
6651,8
6652,9
6653,0
6654,7
6655,5
6656,0
6657,7
6658,1
6659,9
6660,9
6661,5
6662,8
6663,1
6664,7
6665,5
6666,0
6667,8
6668,1
6669,9
6670,8
6671,9
6672,9
6673,0
6674,3
6675,0
6676,0
6677,0
6678,0
6679,9
6680,9
6681,1
6682,5
6683,5
6684,1
6685,7
6686,8
6687,7
6688,9
6689,1
6690,0
6691,0
6692,8
6693,0
6694,1
6695,8
6696,0
6697,9
6698,1
6699,1
6700,1
6701,0
6702,9
6703,0
6704,9
6705,5
6706,9
6707,9
6708,9
6709,9
6710,9
6711,9
6712,0
6713,1
6714,1
6715,9
6716,0
6717,7
6718,5
6719,9
6720,8
6721,1
6722,5
6723,9
6724,5
6725,1
6726,8
6727,9
6728,7
6729,5
6730,1
6731,5
6732,5
6733,1
6734,1
6735,5
6736,1
6737,0
6738,0
6739,0
6740,5
6741,1
6742,9
6743,0
6744,1
6745,7
6746,1
6747,7
6748,0
6749,7
6750,9
6751,0
6752,1
6753,9
6754,8
6755,1
6756,1
6757,4
6758,0
6759,0
6760,7
6761,9
6762,1
6763,0
6764,5
6765,7
6766,1
6767,6
6768,9
6769,8
6770,9
6771,0
6772,7
6773,1
6774,1
6775,1
6776,8
6777,9
6778,8
6779,1
6780,8
6781,0
6782,5
6783,0
6784,8
6785,8
6786,1
6787,8
6788,8
6789,9
6790,1
6791,1
6792,0
6793,1
6794,9
6795,5
6796,8
6797,8
6798,0
6799,0
6800,9
6801,0
6802,0
6803,7
6804,5
6805,0
6806,1
6807,8
6808,0
6809,0
6810,5
6811,0
6812,8
6813,8
6814,9
6815,9
6816,5
6817,0
6818,9
6819,5
6820,5
6821,8
6822,1
6823,9
6824,0
6825,0
6826,5
6827,9
6828,5
6829,5
6830,5
6831,1
6832,9
6833,0
6834,5
6835,9
6836,9
6837,7
6838,1
6839,7
6840,1
6841,1
6842,2
6843,1
6844,0
6845,5
6846,8
6847,9
6848,1
6849,9
6850,1
6851,9
6852,0
6853,7
6854,0
6855,1
6856,7
6857,1
6858,0
6859,9
6860,5
6861,1
6862,0
6863,1
6864,0
6865,8
6866,9
6867,9
6868,0
6869,8
6870,7
6871,1
6872,9
6873,1
6874,9
6875,1
6876,9
6877,1
6878,9
6879,9
6880,8
6881,8
6882,9
6883,5
6884,4
6885,5
6886,5
6887,0
6888,5
6889,7
6890,1
6891,9
6892,0
6893,1
6894,9
6895,1
6896,7
6897,1
6898,9
6899,0
6900,9
6901,0
6902,5
6903,8
6904,9
6905,7
6906,9
6907,5
6908,0
6909,0
6910,0
6911,8
6912,1
6913,8
6914,9
6915,5
6916,9
6917,9
6918,8
6919,0
6920,0
6921,0
6922,1
6923,7
6924,9
6925,5
6926,0
6927,1
6928,9
6929,1
6930,1
6931,1
6932,1
6933,5
6934,8
6935,5
6936,9
6937,1
6938,9
6939,0
6940,9
6941,8
6942,0
6943,1
6944,0
6945,9
6946,9
6947,5
6948,1
6949,1
6950,0
6951,9
6952,9
6953,0
6954,1
6955,0
6956,0
6957,9
6958,5
6959,9
6960,9
6961,8
6962,1
6963,3
6964,5
6965,1
6966,9
6967,9
6968,0
6969,1
6970,8
6971,1
6972,8
6973,8
6974,9
6975,3
6976,9
6977,9
6978,1
6979,9
6980,9
6981,1
6982,7
6983,7
6984,0
6985,9
6986,0
6987,8
6988,9
6989,1
6990,7
6991,0
6992,1
6993,8
6994,7
6995,5
6996,1
6997,9
6998,9
6999,1
7000,7
7001,1
7002,0
7003,0
7004,0
7005,9
7006,0
7007,0
7008,7
7009,0
7010,7
7011,7
7012,0
7013,0
7014,7
7015,0
7016,1
7017,9
7018,0
7019,1
7020,8
7021,0
7022,0
7023,1
7024,8
7025,5
7026,7
7027,0
7028,1
7029,3
7030,0
7031,0
7032,2
7033,5
7034,0
7035,5
7036,0
7037,0
7038,9
7039,1
7040,8
7041,1
7042,0
7043,0
7044,9
7045,0
7046,5
7047,5
7048,1
7049,5
7050,1
7051,1
7052,0
7053,5
7054,9
7055,0
7056,9
7057,1
7058,8
7059,0
7060,1
7061,9
7062,9
7063,1
7064,5
7065,0
7066,1
7067,1
7068,5
7069,1
7070,9
7071,1
7072,5
7073,8
7074,9
7075,9
7076,0
7077,0
7078,8
7079,1
7080,0
7081,1
7082,6
7083,9
7084,5
7085,5
7086,9
7087,1
7088,9
7089,9
7090,1
7091,0
7092,9
7093,0
7094,1
7095,0
7096,0
7097,7
7098,1
7099,0
7100,9
7101,8
7102,9
7103,9
7104,8
7105,9
7106,5
7107,1
7108,1
7109,1
7110,0
7111,1
7112,1
7113,5
7114,8
7115,7
7116,9
7117,7
7118,3
7119,0
7120,0
7121,9
7122,5
7123,1
7124,0
7125,1
7126,0
7127,8
7128,9
7129,1
7130,5
7131,5
7132,1
7133,0
7134,1
7135,1
7136,9
7137,1
7138,8
7139,1
7140,8
7141,8
7142,8
7143,9
7144,9
7145,9
7146,9
7147,8
7148,9
7149,0
7150,5
7151,0
7152,0
7153,7
7154,0
7155,5
7156,5
7157,6
7158,8
7159,1
7160,0
7161,8
7162,3
7163,9
7164,0
7165,5
7166,5
7167,0
7168,7
7169,2
7170,9
7171,0
7172,0
7173,0
7174,9
7175,9
7176,9
7177,0
7178,5
7179,5
7180,9
7181,1
7182,1
7183,9
7184,9
7185,9
7186,5
7187,5
7188,8
7189,2
7190,0
7191,9
7192,9
7193,0
7194,0
7195,7
7196,0
7197,0
7198,5
7199,1
7200,9
7201,1
7202,0
7203,3
7204,9
7205,8
7206,1
7207,3
7208,1
7209,7
7210,3
7211,9
7212,5
7213,0
7214,1
7215,0
7216,0
7217,1
7218,0
7219,0
7220,0
7221,9
7222,5
7223,0
7224,0
7225,9
7226,1
7227,9
7228,3
7229,5
7230,0
7231,5
7232,9
7233,1
7234,9
7235,1
7236,1
7237,5
7238,0
7239,0
7240,1
7241,9
7242,0
7243,1
7244,0
7245,1
7246,9
7247,9
7248,9
7249,8
7250,7
7251,5
7252,1
7253,0
7254,0
7255,8
7256,0
7257,0
7258,9
7259,0
7260,0
7261,0
7262,1
7263,0
7264,0
7265,2
7266,9
7267,1
7268,0
7269,9
7270,1
7271,5
7272,9
7273,9
7274,0
7275,0
7276,0
7277,1
7278,0
7279,0
7280,0
7281,1
7282,5
7283,9
7284,5
7285,1
7286,5
7287,5
7288,9
7289,5
7290,5
7291,9
7292,0
7293,0
7294,0
7295,0
7296,1
7297,9
7298,5
7299,7
7300,9
7301,0
7302,0
7303,5
7304,9
7305,1
7306,9
7307,9
7308,9
7309,3
7310,0
7311,9
7312,5
7313,1
7314,9
7315,0
7316,9
7317,7
7318,1
7319,9
7320,0
7321,1
7322,1
7323,1
7324,0
7325,8
7326,3
7327,5
7328,0
7329,0
7330,9
7331,0
7332,9
7333,7
7334,5
7335,1
7336,8
7337,5
7338,0
7339,8
7340,0
7341,1
7342,8
7343,5
7344,5
7345,9
7346,0
7347,1
7348,1
7349,3
7350,1
7351,3
7352,5
7353,1
7354,1
7355,0
7356,7
7357,0
7358,0
7359,0
7360,1
7361,9
7362,7
7363,9
7364,0
7365,8
7366,8
7367,0
7368,0
7369,9
7370,9
7371,7
7372,8
7373,9
7374,8
7375,8
7376,5
7377,9
7378,8
7379,0
7380,1
7381,1
7382,0
7383,8
7384,9
7385,9
7386,8
7387,5
7388,1
7389,0
7390,1
7391,9
7392,0
7393,9
7394,1
7395,0
7396,1
7397,8
7398,0
7399,9
7400,9
7401,0
7402,5
7403,7
7404,8
7405,0
7406,9
7407,7
7408,0
7409,9
7410,9
7411,9
7412,9
7413,5
7414,1
7415,9
7416,1
7417,7
7418,8
7419,9
7420,6
7421,1
7422,1
7423,1
7424,5
7425,9
7426,5
7427,8
7428,9
7429,1
7430,7
7431,1
7432,8
7433,5
7434,0
7435,9
7436,0
7437,1
7438,9
7439,1
7440,9
7441,8
7442,2
7443,1
7444,1
7445,7
7446,0
7447,5
7448,9
7449,1
7450,0
7451,0
7452,0
7453,2
7454,2
7455,1
7456,1
7457,8
7458,9
7459,1
7460,9
7461,1
7462,0
7463,9
7464,7
7465,7
7466,8
7467,0
7468,5
7469,8
7470,8
7471,5
7472,1
7473,5
7474,9
7475,0
7476,7
7477,9
7478,1
7479,5
7480,1
7481,0
7482,9
7483,1
7484,1
7485,8
7486,1
7487,9
7488,1
7489,9
7490,9
7491,0
7492,0
7493,5
7494,9
7495,7
7496,9
7497,9
7498,1
7499,9
7500,1
7501,9
7502,5
7503,8
7504,5
7505,7
7506,7
7507,5
7508,9
7509,1
7510,5
7511,7
7512,9
7513,0
7514,0
7515,0
7516,8
7517,1
7518,0
7519,0
7520,0
7521,9
7522,3
7523,0
7524,0
7525,0
7526,8
7527,7
7528,9
7529,8
7530,8
7531,0
7532,5
7533,0
7534,9
7535,8
7536,1
7537,9
7538,1
7539,9
7540,5
7541,7
7542,9
7543,0
7544,1
7545,9
7546,5
7547,0
7548,0
7549,5
7550,9
7551,1
7552,5
7553,3
7554,9
7555,5
7556,8
7557,5
7558,7
7559,5
7560,5
7561,0
7562,7
7563,9
7564,8
7565,8
7566,8
7567,5
7568,7
7569,1
7570,5
7571,9
7572,1
7573,9
7574,9
7575,3
7576,9
7577,1
7578,3
7579,9
7580,9
7581,5
7582,5
7583,0
7584,0
7585,9
7586,0
7587,0
7588,0
7589,0
7590,5
7591,5
7592,1
7593,9
7594,9
7595,8
7596,9
7597,8
7598,1
7599,0
7600,1
7601,0
7602,9
7603,0
7604,1
7605,5
7606,9
7607,1
7608,9
7609,0
7610,8
7611,5
7612,8
7613,0
7614,8
7615,5
7616,1
7617,5
7618,8
7619,8
7620,5
7621,1
7622,1
7623,8
7624,1
7625,5
7626,0
7627,9
7628,1
7629,9
7630,8
7631,5
7632,9
7633,0
7634,8
7635,7
7636,1
7637,7
7638,0
7639,1
7640,3
7641,9
7642,7
7643,8
7644,9
7645,3
7646,8
7647,9
7648,7
7649,6
7650,9
7651,5
7652,0
7653,9
7654,9
7655,9
7656,9
7657,1
7658,9
7659,0
7660,1
7661,9
7662,8
7663,8
7664,0
7665,2
7666,7
7667,1
7668,9
7669,1
7670,0
7671,3
7672,8
7673,0
7674,9
7675,7
7676,5
7677,1
7678,1
7679,0
7680,9
7681,3
7682,5
7683,0
7684,5
7685,1
7686,1
7687,0
7688,8
7689,9
7690,9
7691,9
7692,5
7693,7
7694,5
7695,0
7696,0
7697,1
7698,7
7699,1
7700,0
7701,9
7702,0
7703,0
7704,0
7705,5
7706,7
7707,0
7708,5
7709,9
7710,0
7711,9
7712,1
7713,5
7714,0
7715,5
7716,0
7717,8
7718,1
7719,9
7720,9
7721,0
7722,8
7723,1
7724,5
7725,5
7726,9
7727,8
7728,7
7729,1
7730,0
7731,9
7732,1
7733,3
7734,1
7735,0
7736,7
7737,9
7738,7
7739,9
7740,6
7741,8
7742,9
7743,1
7744,0
7745,0
7746,9
7747,0
7748,1
7749,8
7750,9
7751,8
7752,1
7753,5
7754,5
7755,5
7756,7
7757,7
7758,1
7759,9
7760,0
7761,9
7762,0
7763,8
7764,0
7765,9
7766,0
7767,9
7768,0
7769,8
7770,8
7771,7
7772,9
7773,3
7774,5
7775,7
7776,2
7777,8
7778,9
7779,3
7780,9
7781,0
7782,7
7783,0
7784,1
7785,0
7786,0
7787,1
7788,1
7789,9
7790,8
7791,9
7792,9
7793,8
7794,0
7795,7
7796,7
7797,8
7798,0
7799,1
7800,1
7801,1
7802,5
7803,1
7804,0
7805,1
7806,8
7807,9
7808,5
7809,0
7810,9
7811,5
7812,5
7813,9
7814,8
7815,9
7816,9
7817,9
7818,7
7819,0
7820,9
7821,5
7822,0
7823,0
7824,9
7825,3
7826,9
7827,0
7828,5
7829,5
7830,9
7831,0
7832,9
7833,1
7834,5
7835,7
7836,8
7837,0
7838,1
7839,8
7840,5
7841,1
7842,5
7843,9
7844,0
7845,5
7846,5
7847,8
7848,0
7849,8
7850,0
7851,1
7852,8
7853,5
7854,0
7855,0
7856,5
7857,8
7858,9
7859,9
7860,0
7861,8
7862,5
7863,0
7864,1
7865,5
7866,9
7867,9
7868,0
7869,0
7870,9
7871,8
7872,9
7873,8
7874,9
7875,1
7876,9
7877,1
7878,5
7879,1
7880,0
7881,9
7882,9
7883,1
7884,9
7885,0
7886,5
7887,1
7888,9
7889,1
7890,1
7891,0
7892,0
7893,1
7894,8
7895,9
7896,8
7897,1
7898,8
7899,1
7900,0
7901,7
7902,0
7903,0
7904,9
7905,1
7906,8
7907,7
7908,9
7909,9
7910,9
7911,8
7912,1
7913,0
7914,9
7915,0
7916,9
7917,0
7918,1
7919,0
7920,8
7921,1
7922,9
7923,1
7924,0
7925,1
7926,0
7927,9
7928,7
7929,7
7930,9
7931,7
7932,5
7933,0
7934,9
7935,0
7936,9
7937,1
7938,0
7939,9
7940,5
7941,9
7942,9
7943,0
7944,5
7945,0
7946,8
7947,5
7948,0
7949,6
7950,9
7951,0
7952,9
7953,7
7954,1
7955,0
7956,0
7957,0
7958,9
7959,0
7960,0
7961,0
7962,0
7963,0
7964,1
7965,7
7966,9
7967,9
7968,0
7969,1
7970,1
7971,1
7972,0
7973,1
7974,9
7975,9
7976,8
7977,9
7978,9
7979,9
7980,9
7981,9
7982,5
7983,1
7984,5
7985,0
7986,9
7987,7
7988,9
7989,8
7990,1
7991,5
7992,7
7993,8
7994,7
7995,0
7996,0
7997,0
7998,0
7999,0
8000,1
8001,1
8002,2
8003,0
8004,0
8005,0
8006,0
8007,9
8008,0
8009,5
8010,5
8011,7
8012,5
8013,9
8014,9
8015,8
8016,9
8017,1
8018,9
8019,1
8020,0
8021,5
8022,0
8023,5
8024,5
8025,9
8026,1
8027,8
8028,9
8029,0
8030,1
8031,7
8032,7
8033,0
8034,9
8035,5
8036,0
8037,0
8038,0
8039,8
8040,1
8041,9
8042,9
8043,8
8044,0
8045,8
8046,7
8047,0
8048,1
8049,8
8050,9
8051,7
8052,8
8053,0
8054,9
8055,0
8056,9
8057,8
8058,1
8059,1
8060,5
8061,0
8062,9
8063,5
8064,0
8065,7
8066,9
8067,8
8068,0
8069,0
8070,9
8071,5
8072,9
8073,5
8074,0
8075,0
8076,9
8077,0
8078,2
8079,3
8080,1
8081,0
8082,0
8083,0
8084,1
8085,0
8086,9
8087,9
8088,5
8089,7
8090,1
8091,0
8092,5
8093,5
8094,5
8095,1
8096,9
8097,5
8098,5
8099,0
8100,1
8101,0
8102,9
8103,1
8104,1
8105,0
8106,0
8107,9
8108,5
8109,5
8110,9
8111,3
8112,8
8113,9
8114,0
8115,8
8116,9
8117,1
8118,0
8119,1
8120,3
8121,5
8122,9
8123,0
8124,1
8125,8
8126,9
8127,1
8128,0
8129,9
8130,8
8131,8
8132,7
8133,1
8134,1
8135,0
8136,9
8137,0
8138,1
8139,9
8140,9
8141,8
8142,7
8143,9
8144,7
8145,9
8146,1
8147,1
8148,0
8149,7
8150,1
8151,5
8152,0
8153,9
8154,9
8155,8
8156,9
8157,9
8158,0
8159,1
8160,9
8161,9
8162,9
8163,5
8164,0
8165,9
8166,8
8167,9
8168,5
8169,9
8170,0
8171,0
8172,9
8173,1
8174,0
8175,9
8176,9
8177,5
8178,7
8179,1
8180,0
8181,0
8182,1
8183,9
8184,1
8185,9
8186,9
8187,0
8188,1
8189,2
8190,9
8191,0
8192,9
8193,0
8194,0
8195,1
8196,0
8197,5
8198,9
8199,5
8200,8
8201,0
8202,5
8203,5
8204,7
8205,1
8206,0
8207,9
8208,8
8209,7
8210,9
8211,8
8212,9
8213,9
8214,5
8215,0
8216,5
8217,8
8218,9
8219,9
8220,5
8221,8
8222,0
8223,7
8224,5
8225,0
8226,5
8227,5
8228,7
8229,0
8230,8
8231,8
8232,0
8233,7
8234,5
8235,8
8236,1
8237,9
8238,0
8239,9
8240,9
8241,0
8242,0
8243,9
8244,8
8245,1
8246,4
8247,0
8248,0
8249,8
8250,5
8251,9
8252,0
8253,1
8254,0
8255,5
8256,9
8257,5
8258,0
8259,5
8260,1
8261,2
8262,0
8263,0
8264,5
8265,1
8266,7
8267,1
8268,5
8269,7
8270,9
8271,9
8272,3
8273,8
8274,9
8275,9
8276,7
8277,5
8278,5
8279,1
8280,5
8281,7
8282,9
8283,5
8284,0
8285,0
8286,0
8287,5
8288,9
8289,9
8290,1
8291,9
8292,9
8293,9
8294,0
8295,8
8296,8
8297,5
8298,0
8299,5
8300,1
8301,1
8302,0
8303,7
8304,0
8305,1
8306,0
8307,7
8308,5
8309,0
8310,5
8311,9
8312,2
8313,9
8314,1
8315,1
8316,7
8317,9
8318,5
8319,9
8320,0
8321,8
8322,7
8323,9
8324,9
8325,7
8326,1
8327,9
8328,0
8329,8
8330,8
8331,0
8332,0
8333,5
8334,1
8335,9
8336,2
8337,9
8338,5
8339,9
8340,0
8341,1
8342,8
8343,9
8344,7
8345,1
8346,8
8347,0
8348,8
8349,0
8350,0
8351,0
8352,0
8353,0
8354,9
8355,0
8356,9
8357,0
8358,9
8359,5
8360,5
8361,5
8362,7
8363,0
8364,9
8365,9
8366,0
8367,1
8368,9
8369,9
8370,5
8371,1
8372,1
8373,1
8374,9
8375,5
8376,8
8377,9
8378,9
8379,1
8380,9
8381,1
8382,0
8383,5
8384,1
8385,3
8386,0
8387,9
8388,0
8389,5
8390,0
8391,9
8392,5
8393,0
8394,9
8395,8
8396,7
8397,9
8398,0
8399,1
8400,8
8401,0
8402,8
8403,9
8404,7
8405,1
8406,9
8407,0
8408,1
8409,9
8410,1
8411,8
8412,9
8413,9
8414,8
8415,1
8416,7
8417,1
8418,0
8419,1
8420,5
8421,1
8422,5
8423,5
8424,0
8425,1
8426,1
8427,2
8428,3
8429,1
8430,1
8431,1
8432,0
8433,8
8434,8
8435,9
8436,1
8437,0
8438,9
8439,9
8440,9
8441,5
8442,5
8443,0
8444,9
8445,1
8446,0
8447,7
8448,5
8449,0
8450,0
8451,1
8452,8
8453,8
8454,7
8455,9
8456,5
8457,2
8458,5
8459,9
8460,8
8461,0
8462,0
8463,8
8464,1
8465,5
8466,5
8467,9
8468,8
8469,9
8470,8
8471,6
8472,0
8473,9
8474,0
8475,5
8476,0
8477,1
8478,7
8479,7
8480,0
8481,0
8482,7
8483,1
8484,8
8485,9
8486,8
8487,0
8488,8
8489,9
8490,0
8491,8
8492,0
8493,9
8494,0
8495,7
8496,9
8497,9
8498,9
8499,9
8500,0
8501,9
8502,1
8503,9
8504,5
8505,1
8506,5
8507,0
8508,0
8509,1
8510,9
8511,3
8512,5
8513,0
8514,3
8515,5
8516,5
8517,9
8518,5
8519,5
8520,8
8521,5
8522,1
8523,1
8524,0
8525,9
8526,8
8527,5
8528,0
8529,0
8530,5
8531,0
8532,9
8533,8
8534,7
8535,3
8536,0
8537,5
8538,0
8539,7
8540,1
8541,8
8542,0
8543,7
8544,0
8545,8
8546,2
8547,8
8548,1
8549,5
8550,1
8551,9
8552,1
8553,5
8554,5
8555,1
8556,1
8557,9
8558,6
8559,0
8560,7
8561,1
8562,9
8563,9
8564,5
8565,9
8566,1
8567,5
8568,0
8569,1
8570,9
8571,5
8572,1
8573,5
8574,0
8575,5
8576,9
8577,1
8578,1
8579,1
8580,1
8581,1
8582,1
8583,0
8584,8
8585,1
8586,5
8587,9
8588,8
8589,9
8590,9
8591,9
8592,5
8593,2
8594,0
8595,0
8596,9
8597,1
8598,9
8599,1
8600,7
8601,0
8602,8
8603,0
8604,0
8605,0
8606,0
8607,1
8608,7
8609,5
8610,8
8611,8
8612,5
8613,8
8614,9
8615,9
8616,7
8617,0
8618,0
8619,0
8620,9
8621,0
8622,1
8623,0
8624,9
8625,5
8626,8
8627,5
8628,5
8629,0
8630,1
8631,1
8632,9
8633,0
8634,0
8635,1
8636,0
8637,7
8638,1
8639,1
8640,3
8641,8
8642,9
8643,1
8644,0
8645,9
8646,0
8647,5
8648,8
8649,9
8650,0
8651,9
8652,9
8653,5
8654,1
8655,1
8656,5
8657,0
8658,3
8659,1
8660,0
8661,1
8662,5
8663,0
8664,9
8665,5
8666,7
8667,9
8668,1
8669,5
8670,9
8671,5
8672,9
8673,0
8674,0
8675,2
8676,0
8677,8
8678,9
8679,0
8680,0
8681,0
8682,5
8683,5
8684,0
8685,1
8686,1
8687,9
8688,9
8689,0
8690,3
8691,9
8692,6
8693,0
8694,9
8695,0
8696,0
8697,0
8698,5
8699,0
8700,9
8701,1
8702,8
8703,9
8704,1
8705,7
8706,3
8707,5
8708,0
8709,5
8710,9
8711,5
8712,0
8713,9
8714,1
8715,0
8716,8
8717,0
8718,9
8719,9
8720,5
8721,5
8722,5
8723,7
8724,9
8725,8
8726,0
8727,9
8728,1
8729,0
8730,2
8731,1
8732,0
8733,5
8734,8
8735,9
8736,0
8737,9
8738,0
8739,8
8740,9
8741,0
8742,1
8743,8
8744,0
8745,9
8746,9
8747,8
8748,0
8749,9
8750,3
8751,8
8752,9
8753,8
8754,8
8755,9
8756,5
8757,0
8758,8
8759,1
8760,5
8761,5
8762,7
8763,3
8764,1
8765,1
8766,8
8767,1
8768,5
8769,5
8770,1
8771,5
8772,9
8773,0
8774,0
8775,0
8776,8
8777,9
8778,5
8779,8
8780,7
8781,1
8782,0
8783,0
8784,8
8785,0
8786,0
8787,5
8788,1
8789,1
8790,5
8791,7
8792,1
8793,5
8794,8
8795,1
8796,0
8797,0
8798,8
8799,1
8800,9
8801,9
8802,9
8803,5
8804,9
8805,1
8806,1
8807,7
8808,8
8809,9
8810,8
8811,8
8812,8
8813,1
8814,1
8815,0
8816,0
8817,1
8818,9
8819,0
8820,1
8821,3
8822,9
8823,9
8824,0
8825,5
8826,5
8827,8
8828,9
8829,8
8830,1
8831,0
8832,9
8833,8
8834,1
8835,9
8836,9
8837,5
8838,1
8839,0
8840,1
8841,1
8842,5
8843,0
8844,7
8845,0
8846,1
8847,8
8848,0
8849,9
8850,5
8851,0
8852,0
8853,5
8854,8
8855,9
8856,1
8857,0
8858,0
8859,1
8860,2
8861,8
8862,0
8863,1
8864,0
8865,5
8866,9
8867,1
8868,1
8869,0
8870,5
8871,9
8872,3
8873,5
8874,0
8875,5
8876,9
8877,8
8878,0
8879,1
8880,9
8881,0
8882,0
8883,9
8884,0
8885,0
8886,1
8887,9
8888,5
8889,0
8890,9
8891,9
8892,1
8893,8
8894,5
8895,0
8896,9
8897,1
8898,9
8899,7
8900,1
8901,9
8902,5
8903,9
8904,0
8905,5
8906,1
8907,5
8908,9
8909,5
8910,7
8911,1
8912,9
8913,9
8914,5
8915,1
8916,1
8917,6
8918,9
8919,7
8920,5
8921,9
8922,1
8923,0
8924,8
8925,0
8926,0
8927,5
8928,5
8929,5
8930,0
8931,5
8932,9
8933,1
8934,9
8935,1
8936,9
8937,8
8938,9
8939,2
8940,1
8941,9
8942,0
8943,1
8944,1
8945,5
8946,0
8947,0
8948,9
8949,5
8950,0
8951,9
8952,0
8953,0
8954,0
8955,1
8956,1
8957,0
8958,7
8959,1
8960,0
8961,1
8962,9
8963,9
8964,5
8965,9
8966,0
8967,3
8968,0
8969,5
8970,5
8971,9
8972,1
8973,3
8974,1
8975,8
8976,0
8977,9
8978,7
8979,9
8980,0
8981,0
8982,9
8983,1
8984,0
8985,8
8986,0
8987,8
8988,0
8989,9
8990,5
8991,1
8992,1
8993,5
8994,5
8995,1
8996,0
8997,5
8998,0
8999,2
9000,9
9001,1
9002,1
9003,0
9004,1
9005,8
9006,7
9007,9
9008,1
9009,3
9010,0
9011,1
9012,9
9013,1
9014,3
9015,0
9016,9
9017,1
9018,0
9019,5
9020,7
9021,9
9022,5
9023,5
9024,9
9025,0
9026,9
9027,8
9028,1
9029,1
9030,8
9031,0
9032,5
9033,0
9034,0
9035,9
9036,5
9037,5
9038,0
9039,9
9040,1
9041,0
9042,1
9043,1
9044,1
9045,8
9046,1
9047,8
9048,0
9049,0
9050,0
9051,5
9052,1
9053,1
9054,8
9055,0
9056,2
9057,1
9058,9
9059,1
9060,8
9061,5
9062,7
9063,9
9064,5
9065,5
9066,9
9067,0
9068,0
9069,0
9070,9
9071,1
9072,5
9073,9
9074,5
9075,9
9076,9
9077,0
9078,1
9079,7
9080,8
9081,8
9082,0
9083,5
9084,5
9085,0
9086,1
9087,5
9088,8
9089,7
9090,5
9091,5
9092,9
9093,0
9094,1
9095,5
9096,0
9097,7
9098,1
9099,5
9100,8
9101,1
9102,0
9103,0
9104,7
9105,0
9106,8
9107,5
9108,0
9109,0
9110,0
9111,5
9112,0
9113,9
9114,1
9115,8
9116,0
9117,0
9118,5
9119,9
9120,0
9121,9
9122,9
9123,9
9124,8
9125,9
9126,9
9127,8
9128,5
9129,1
9130,9
9131,5
9132,1
9133,1
9134,1
9135,9
9136,1
9137,5
9138,0
9139,0
9140,1
9141,3
9142,0
9143,0
9144,8
9145,9
9146,8
9147,3
9148,8
9149,9
9150,5
9151,1
9152,1
9153,0
9154,0
9155,9
9156,1
9157,5
9158,9
9159,0
9160,5
9161,5
9162,9
9163,5
9164,0
9165,0
9166,1
9167,7
9168,9
9169,1
9170,9
9171,0
9172,9
9173,8
9174,8
9175,5
9176,8
9177,1
9178,0
9179,9
9180,9
9181,1
9182,8
9183,9
9184,5
9185,8
9186,5
9187,7
9188,0
9189,1
9190,2
9191,7
9192,7
9193,8
9194,8
9195,7
9196,0
9197,9
9198,0
9199,1
9200,0
9201,5
9202,9
9203,0
9204,7
9205,1
9206,0
9207,9
9208,1
9209,0
9210,5
9211,8
9212,8
9213,5
9214,5
9215,9
9216,5
9217,0
9218,1
9219,7
9220,9
9221,5
9222,8
9223,0
9224,1
9225,1
9226,9
9227,0
9228,8
9229,5
9230,9
9231,0
9232,9
9233,3
9234,9
9235,1
9236,9
9237,7
9238,0
9239,1
9240,0
9241,9
9242,1
9243,1
9244,5
9245,5
9246,2
9247,8
9248,0
9249,9
9250,8
9251,0
9252,8
9253,5
9254,2
9255,7
9256,0
9257,1
9258,9
9259,5
9260,1
9261,0
9262,0
9263,7
9264,5
9265,9
9266,5
9267,5
9268,9
9269,7
9270,9
9271,5
9272,1
9273,0
9274,9
9275,9
9276,1
9277,0
9278,3
9279,5
9280,8
9281,0
9282,1
9283,0
9284,1
9285,1
9286,9
9287,5
9288,7
9289,0
9290,9
9291,5
9292,8
9293,7
9294,5
9295,5
9296,8
9297,9
9298,5
9299,1
9300,0
9301,0
9302,8
9303,0
9304,5
9305,1
9306,9
9307,0
9308,0
9309,0
9310,5
9311,0
9312,0
9313,8
9314,1
9315,0
9316,1
9317,1
9318,0
9319,5
9320,8
9321,5
9322,9
9323,3
9324,1
9325,0
9326,0
9327,9
9328,0
9329,1
9330,5
9331,5
9332,7
9333,1
9334,5
9335,4
9336,5
9337,1
9338,5
9339,0
9340,5
9341,1
9342,7
9343,8
9344,1
9345,8
9346,9
9347,0
9348,8
9349,9
9350,0
9351,1
9352,3
9353,8
9354,0
9355,7
9356,0
9357,8
9358,8
9359,1
9360,1
9361,8
9362,1
9363,1
9364,0
9365,1
9366,0
9367,5
9368,5
9369,5
9370,8
9371,9
9372,9
9373,0
9374,5
9375,0
9376,1
9377,5
9378,5
9379,0
9380,7
9381,0
9382,0
9383,0
9384,5
9385,9
9386,0
9387,1
9388,7
9389,9
9390,9
9391,1
9392,8
9393,5
9394,1
9395,5
9396,8
9397,9
9398,3
9399,9
9400,9
9401,3
9402,0
9403,8
9404,8
9405,0
9406,9
9407,9
9408,5
9409,8
9410,3
9411,0
9412,0
9413,1
9414,5
9415,3
9416,8
9417,8
9418,8
9419,1
9420,2
9421,7
9422,9
9423,9
9424,9
9425,0
9426,7
9427,9
9428,1
9429,9
9430,7
9431,1
9432,7
9433,5
9434,0
9435,7
9436,0
9437,0
9438,5
9439,5
9440,5
9441,0
9442,9
9443,8
9444,1
9445,9
9446,9
9447,0
9448,9
9449,0
9450,1
9451,9
9452,0
9453,1
9454,0
9455,1
9456,9
9457,5
9458,9
9459,8
9460,5
9461,9
9462,8
9463,2
9464,8
9465,1
9466,9
9467,0
9468,8
9469,0
9470,9
9471,0
9472,1
9473,8
9474,5
9475,9
9476,5
9477,0
9478,5
9479,9
9480,9
9481,0
9482,9
9483,1
9484,1
9485,8
9486,1
9487,1
9488,0
9489,9
9490,8
9491,9
9492,1
9493,5
9494,0
9495,7
9496,0
9497,1
9498,9
9499,1
9500,0
9501,9
9502,8
9503,1
9504,8
9505,9
9506,1
9507,7
9508,0
9509,1
9510,8
9511,0
9512,1
9513,0
9514,7
9515,8
9516,1
9517,7
9518,9
9519,8
9520,1
9521,0
9522,9
9523,0
9524,0
9525,8
9526,1
9527,9
9528,5
9529,9
9530,8
9531,5
9532,9
9533,0
9534,9
9535,1
9536,8
9537,0
9538,5
9539,5
9540,5
9541,0
9542,8
9543,9
9544,2
9545,5
9546,9
9547,9
9548,9
9549,5
9550,0
9551,5
9552,7
9553,9
9554,5
9555,1
9556,5
9557,0
9558,0
9559,8
9560,1
9561,7
9562,8
9563,9
9564,8
9565,1
9566,9
9567,9
9568,7
9569,9
9570,1
9571,9
9572,1
9573,0
9574,3
9575,0
9576,9
9577,0
9578,9
9579,3
9580,8
9581,1
9582,3
9583,1
9584,9
9585,5
9586,9
9587,8
9588,8
9589,9
9590,5
9591,7
9592,9
9593,1
9594,0
9595,8
9596,5
9597,1
9598,5
9599,8
9600,9
9601,1
9602,5
9603,1
9604,1
9605,5
9606,6
9607,0
9608,5
9609,9
9610,8
9611,1
9612,7
9613,9
9614,9
9615,5
9616,0
9617,2
9618,5
9619,5
9620,9
9621,8
9622,1
9623,0
9624,5
9625,9
9626,8
9627,0
9628,9
9629,6
9630,9
9631,1
9632,0
9633,0
9634,8
9635,1
9636,9
9637,1
9638,8
9639,9
9640,1
9641,7
9642,0
9643,8
9644,9
9645,0
9646,2
9647,1
9648,0
9649,9
9650,5
9651,0
9652,0
9653,8
9654,5
9655,0
9656,1
9657,9
9658,1
9659,5
9660,9
9661,1
9662,9
9663,9
9664,0
9665,9
9666,7
9667,1
9668,5
9669,7
9670,9
9671,5
9672,0
9673,9
9674,9
9675,9
9676,7
9677,0
9678,8
9679,8
9680,9
9681,0
9682,1
9683,0
9684,2
9685,1
9686,1
9687,5
9688,0
9689,8
9690,9
9691,1
9692,0
9693,0
9694,9
9695,1
9696,0
9697,0
9698,0
9699,0
9700,1
9701,0
9702,0
9703,1
9704,1
9705,5
9706,8
9707,8
9708,5
9709,5
9710,9
9711,7
9712,5
9713,0
9714,5
9715,1
9716,7
9717,7
9718,0
9719,0
9720,8
9721,5
9722,9
9723,9
9724,8
9725,1
9726,1
9727,1
9728,1
9729,1
9730,5
9731,1
9732,9
9733,0
9734,9
9735,0
9736,9
9737,0
9738,5
9739,9
9740,0
9741,5
9742,0
9743,6
9744,8
9745,9
9746,0
9747,9
9748,0
9749,0
9750,8
9751,9
9752,1
9753,1
9754,0
9755,7
9756,1
9757,9
9758,7
9759,1
9760,0
9761,5
9762,0
9763,5
9764,5
9765,8
9766,0
9767,1
9768,8
9769,7
9770,9
9771,8
9772,0
9773,0
9774,0
9775,9
9776,5
9777,9
9778,9
9779,0
9780,8
9781,5
9782,8
9783,0
9784,0
9785,1
9786,9
9787,5
9788,1
9789,8
9790,8
9791,5
9792,1
9793,0
9794,1
9795,9
9796,8
9797,5
9798,9
9799,9
9800,0
9801,9
9802,3
9803,8
9804,5
9805,9
9806,8
9807,9
9808,8
9809,0
9810,1
9811,0
9812,9
9813,5
9814,9
9815,8
9816,7
9817,5
9818,1
9819,8
9820,5
9821,2
9822,1
9823,3
9824,9
9825,9
9826,1
9827,9
9828,5
9829,0
9830,1
9831,5
9832,8
9833,0
9834,7
9835,1
9836,0
9837,0
9838,0
9839,0
9840,1
9841,1
9842,5
9843,9
9844,9
9845,5
9846,9
9847,0
9848,0
9849,0
9850,0
9851,0
9852,1
9853,5
9854,8
9855,5
9856,9
9857,9
9858,2
9859,7
9860,8
9861,9
9862,1
9863,0
9864,1
9865,9
9866,1
9867,9
9868,8
9869,0
9870,1
9871,0
9872,9
9873,1
9874,1
9875,0
9876,1
9877,0
9878,1
9879,1
9880,0
9881,9
9882,7
9883,9
9884,1
9885,8
9886,7
9887,5
9888,9
9889,1
9890,9
9891,1
9892,9
9893,0
9894,9
9895,0
9896,0
9897,0
9898,1
9899,7
9900,0
9901,8
9902,5
9903,1
9904,8
9905,9
9906,8
9907,3
9908,9
9909,9
9910,5
9911,0
9912,9
9913,0
9914,7
9915,7
9916,7
9917,9
9918,9
9919,5
9920,9
9921,7
9922,9
9923,9
9924,5
9925,8
9926,3
9927,1
9928,5
9929,0
9930,0
9931,8
9932,9
9933,7
9934,8
9935,9
9936,1
9937,1
9938,0
9939,9
9940,1
9941,9
9942,1
9943,1
9944,2
9945,9
9946,9
9947,5
9948,1
9949,8
9950,8
9951,8
9952,0
9953,0
9954,1
9955,9
9956,9
9957,0
9958,5
9959,0
9960,0
9961,5
9962,9
9963,7
9964,1
9965,7
9966,7
9967,1
9968,8
9969,1
9970,5
9971,5
9972,0
9973,1
9974,9
9975,0
9976,9
9977,8
9978,5
9979,0
9980,9
9981,7
9982,9
9983,8
9984,0
9985,9
9986,9
9987,0
9988,5
9989,5
9990,0
9991,9
9992,1
9993,0
9994,0
9995,8
9996,7
9997,1
9998,8
9999,9
10000,9
10001,1
10002,1
10003,0
10004,9
10005,0
10006,1
10007,1
10008,0
10009,1
10010,0
10011,8
10012,3
10013,8
10014,0
10015,1
10016,5
10017,0
10018,1
10019,9
10020,5
10021,1
10022,9
10023,9
10024,0
10025,0
10026,0
10027,9
10028,1
10029,5
10030,0
10031,9
10032,0
10033,7
10034,9
10035,1
10036,5
10037,1
10038,0
10039,1
10040,2
10041,9
10042,9
10043,0
10044,9
10045,9
10046,7
10047,2
10048,0
10049,1
10050,5
10051,1
10052,9
10053,1
10054,9
10055,0
10056,9
10057,1
10058,9
10059,5
10060,9
10061,0
10062,8
10063,0
10064,0
10065,8
10066,9
10067,8
10068,0
10069,0
10070,5
10071,0
10072,0
10073,0
10074,7
10075,0
10076,7
10077,5
10078,5
10079,5
10080,5
10081,1
10082,5
10083,9
10084,5
10085,1
10086,1
10087,5
10088,9
10089,9
10090,9
10091,7
10092,1
10093,1
10094,1
10095,7
10096,5
10097,1
10098,9
10099,5
10100,8
10101,8
10102,9
10103,5
10104,1
10105,8
10106,8
10107,1
10108,5
10109,5
10110,9
10111,9
10112,5
10113,1
10114,9
10115,3
10116,9
10117,0
10118,0
10119,5
10120,9
10121,0
10122,7
10123,9
10124,9
10125,8
10126,0
10127,1
10128,5
10129,8
10130,9
10131,5
10132,8
10133,1
10134,8
10135,7
10136,9
10137,0
10138,1
10139,1
10140,5
10141,0
10142,7
10143,9
10144,1
10145,9
10146,8
10147,9
10148,1
10149,9
10150,1
10151,0
10152,8
10153,5
10154,1
10155,1
10156,0
10157,1
10158,8
10159,8
10160,0
10161,7
10162,7
10163,0
10164,5
10165,1
10166,9
10167,9
10168,9
10169,9
10170,5
10171,0
10172,0
10173,9
10174,5
10175,3
10176,9
10177,0
10178,1
10179,0
10180,1
10181,8
10182,8
10183,8
10184,0
10185,0
10186,8
10187,5
10188,9
10189,0
10190,5
10191,5
10192,9
10193,5
10194,1
10195,8
10196,1
10197,8
10198,0
10199,9
10200,9
10201,9
10202,0
10203,5
10204,1
10205,0
10206,7
10207,7
10208,0
10209,9
10210,0
10211,5
10212,0
10213,9
10214,1
10215,1
10216,0
10217,9
10218,1
10219,9
10220,9
10221,9
10222,8
10223,8
10224,9
10225,1
10226,9
10227,9
10228,8
10229,8
10230,0
10231,9
10232,5
10233,5
10234,8
10235,7
10236,5
10237,5
10238,9
10239,8
10240,7
10241,0
10242,8
10243,7
10244,9
10245,5
10246,8
10247,9
10248,1
10249,1
10250,9
10251,1
10252,5
10253,2
10254,8
10255,9
10256,8
10257,9
10258,0
10259,1
10260,1
10261,1
10262,0
10263,5
10264,2
10265,0
10266,5
10267,0
10268,5
10269,5
10270,0
10271,5
10272,1
10273,0
10274,0
10275,9
10276,0
10277,9
10278,9
10279,1
10280,8
10281,9
10282,1
10283,0
10284,1
10285,0
10286,1
10287,8
10288,5
10289,7
10290,0
10291,9
10292,9
10293,0
10294,8
10295,0
10296,5
10297,1
10298,1
10299,9
10300,3
10301,5
10302,5
10303,0
10304,1
10305,0
10306,8
10307,4
10308,0
10309,0
10310,9
10311,8
10312,9
10313,0
10314,0
10315,1
10316,9
10317,5
10318,9
10319,1
10320,9
10321,9
10322,9
10323,0
10324,9
10325,8
10326,5
10327,8
10328,7
10329,8
10330,5
10331,0
10332,9
10333,1
10334,5
10335,9
10336,5
10337,9
10338,3
10339,8
10340,5
10341,5
10342,1
10343,0
10344,7
10345,9
10346,0
10347,1
10348,9
10349,7
10350,9
10351,0
10352,8
10353,7
10354,7
10355,9
10356,1
10357,8
10358,0
10359,9
10360,7
10361,1
10362,0
10363,9
10364,7
10365,9
10366,1
10367,1
10368,0
10369,1
10370,0
10371,1
10372,8
10373,8
10374,1
10375,5
10376,9
10377,8
10378,3
10379,8
10380,9
10381,8
10382,8
10383,0
10384,9
10385,1
10386,9
10387,0
10388,1
10389,1
10390,1
10391,1
10392,5
10393,8
10394,9
10395,1
10396,3
10397,5
10398,0
10399,7
10400,0
10401,0
10402,0
10403,9
10404,1
10405,0
10406,9
10407,8
10408,9
10409,8
10410,5
10411,8
10412,0
10413,0
10414,0
10415,0
10416,9
10417,1
10418,8
10419,5
10420,9
10421,5
10422,0
10423,5
10424,9
10425,7
10426,9
10427,0
10428,5
10429,0
10430,9
10431,1
10432,5
10433,5
10434,9
10435,8
10436,5
10437,9
10438,1
10439,8
10440,8
10441,8
10442,1
10443,1
10444,5
10445,1
10446,0
10447,0
10448,1
10449,1
10450,9
10451,9
10452,5
10453,1
10454,0
10455,1
10456,1
10457,0
10458,5
10459,9
10460,8
10461,7
10462,0
10463,9
10464,8
10465,1
10466,0
10467,9
10468,8
10469,9
10470,8
10471,8
10472,0
10473,0
10474,5
10475,9
10476,0
10477,5
10478,9
10479,7
10480,9
10481,8
10482,1
10483,0
10484,0
10485,0
10486,0
10487,5
10488,9
10489,1
10490,5
10491,9
10492,1
10493,5
10494,1
10495,1
10496,0
10497,7
10498,1
10499,9
10500,7
10501,8
10502,1
10503,1
10504,8
10505,5
10506,9
10507,8
10508,9
10509,0
10510,7
10511,1
10512,1
10513,1
10514,2
10515,8
10516,8
10517,1
10518,8
10519,7
10520,8
10521,8
10522,1
10523,1
10524,0
10525,1
10526,7
10527,0
10528,0
10529,1
10530,0
10531,8
10532,1
10533,1
10534,9
10535,5
10536,9
10537,0
10538,7
10539,9
10540,5
10541,1
10542,9
10543,0
10544,9
10545,9
10546,1
10547,8
10548,7
10549,1
10550,1
10551,0
10552,0
10553,1
10554,0
10555,5
10556,0
10557,9
10558,0
10559,1
10560,7
10561,8
10562,1
10563,0
10564,1
10565,9
10566,0
10567,8
10568,7
10569,5
10570,1
10571,7
10572,8
10573,0
10574,0
10575,9
10576,0
10577,0
10578,5
10579,1
10580,0
10581,9
10582,7
10583,8
10584,8
10585,1
10586,1
10587,7
10588,1
10589,5
10590,0
10591,8
10592,0
10593,9
10594,1
10595,1
10596,1
10597,0
10598,3
10599,0
10600,9
10601,5
10602,8
10603,0
10604,9
10605,1
10606,0
10607,9
10608,8
10609,8
10610,9
10611,7
10612,1
10613,8
10614,8
10615,9
10616,9
10617,5
10618,5
10619,9
10620,2
10621,1
10622,8
10623,1
10624,0
10625,5
10626,5
10627,0
10628,9
10629,8
10630,5
10631,9
10632,0
10633,9
10634,5
10635,9
10636,5
10637,0
10638,0
10639,0
10640,1
10641,7
10642,1
10643,0
10644,0
10645,1
10646,0
10647,1
10648,1
10649,2
10650,5
10651,5
10652,9
10653,0
10654,5
10655,1
10656,7
10657,5
10658,0
10659,0
10660,5
10661,0
10662,3
10663,1
10664,9
10665,1
10666,8
10667,0
10668,1
10669,0
10670,1
10671,9
10672,7
10673,9
10674,1
10675,7
10676,0
10677,5
10678,1
10679,8
10680,9
10681,0
10682,9
10683,7
10684,9
10685,9
10686,9
10687,5
10688,2
10689,5
10690,8
10691,0
10692,5
10693,1
10694,0
10695,7
10696,8
10697,5
10698,5
10699,5
10700,5
10701,8
10702,0
10703,9
10704,8
10705,0
10706,7
10707,2
10708,8
10709,8
10710,0
10711,9
10712,1
10713,0
10714,0
10715,0
10716,8
10717,8
10718,7
10719,3
10720,0
10721,5
10722,5
10723,9
10724,6
10725,8
10726,9
10727,0
10728,9
10729,0
10730,1
10731,9
10732,1
10733,1
10734,9
10735,9
10736,9
10737,9
10738,9
10739,8
10740,9
10741,0
10742,9
10743,8
10744,1
10745,5
10746,0
10747,2
10748,3
10749,9
10750,9
10751,0
10752,9
10753,7
10754,9
10755,9
10756,9
10757,0
10758,9
10759,7
10760,8
10761,0
10762,8
10763,9
10764,1
10765,1
10766,5
10767,9
10768,5
10769,0
10770,5
10771,5
10772,1
10773,7
10774,9
10775,1
10776,5
10777,0
10778,7
10779,0
10780,0
10781,8
10782,5
10783,9
10784,0
10785,8
10786,7
10787,0
10788,9
10789,5
10790,0
10791,5
10792,1
10793,7
10794,5
10795,0
10796,9
10797,1
10798,1
10799,1
10800,0
10801,7
10802,9
10803,9
10804,0
10805,9
10806,8
10807,7
10808,9
10809,9
10810,9
10811,7
10812,0
10813,1
10814,1
10815,1
10816,7
10817,9
10818,9
10819,0
10820,0
10821,7
10822,9
10823,0
10824,1
10825,8
10826,8
10827,0
10828,1
10829,0
10830,9
10831,9
10832,9
10833,9
10834,0
10835,7
10836,0
10837,1
10838,0
10839,1
10840,8
10841,0
10842,0
10843,7
10844,1
10845,2
10846,9
10847,7
10848,0
10849,0
10850,9
10851,0
10852,0
10853,2
10854,8
10855,9
10856,0
10857,0
10858,1
10859,0
10860,2
10861,0
10862,0
10863,5
10864,9
10865,7
10866,1
10867,0
10868,9
10869,5
10870,5
10871,9
10872,9
10873,5
10874,5
10875,1
10876,1
10877,9
10878,8
10879,1
10880,1
10881,6
10882,0
10883,1
10884,0
10885,5
10886,0
10887,1
10888,8
10889,1
10890,8
10891,1
10892,1
10893,9
10894,0
10895,0
10896,0
10897,1
10898,0
10899,5
10900,5
10901,7
10902,1
10903,0
10904,5
10905,8
10906,0
10907,0
10908,8
10909,0
10910,1
10911,0
10912,9
10913,8
10914,5
10915,1
10916,1
10917,0
10918,0
10919,9
10920,9
10921,0
10922,0
10923,0
10924,0
10925,0
10926,0
10927,9
10928,0
10929,1
10930,9
10931,9
10932,5
10933,1
10934,5
10935,0
10936,8
10937,9
10938,1
10939,8
10940,1
10941,0
10942,8
10943,5
10944,1
10945,1
10946,9
10947,5
10948,9
10949,9
10950,9
10951,9
10952,1
10953,9
10954,1
10955,8
10956,0
10957,9
10958,5
10959,1
10960,0
10961,0
10962,7
10963,1
10964,8
10965,0
10966,9
10967,9
10968,8
10969,8
10970,0
10971,9
10972,0
10973,5
10974,5
10975,8
10976,9
10977,1
10978,0
10979,5
10980,9
10981,5
10982,0
10983,5
10984,9
10985,1
10986,0
10987,5
10988,2
10989,5
10990,1
10991,0
10992,5
10993,9
10994,8
10995,9
10996,5
10997,0
10998,9
10999,5
11000,8
11001,1
11002,1
11003,9
11004,0
11005,5
11006,5
11007,9
11008,0
11009,9
11010,8
11011,0
11012,8
11013,0
11014,1
11015,8
11016,1
11017,0
11018,8
11019,1
11020,9
11021,0
11022,9
11023,8
11024,0
11025,5
11026,0
11027,1
11028,8
11029,0
11030,3
11031,0
11032,1
11033,5
11034,5
11035,7
11036,5
11037,1
11038,0
11039,9
11040,5
11041,8
11042,1
11043,0
11044,0
11045,0
11046,0
11047,0
11048,9
11049,0
11050,9
11051,8
11052,0
11053,3
11054,8
11055,0
11056,9
11057,8
11058,9
11059,5
11060,9
11061,1
11062,9
11063,0
11064,9
11065,0
11066,1
11067,1
11068,9
11069,1
11070,0
11071,5
11072,1
11073,1
11074,7
11075,0
11076,5
11077,1
11078,1
11079,8
11080,5
11081,9
11082,8
11083,1
11084,9
11085,1
11086,0
11087,9
11088,9
11089,3
11090,0
11091,9
11092,1
11093,9
11094,0
11095,5
11096,9
11097,0
11098,8
11099,1
11100,1
11101,0
11102,9
11103,7
11104,3
11105,0
11106,1
11107,8
11108,9
11109,3
11110,1
11111,0
11112,1
11113,8
11114,1
11115,8
11116,5
11117,9
11118,3
11119,0
11120,5
11121,3
11122,9
11123,0
11124,0
11125,1
11126,1
11127,8
11128,5
11129,7
11130,0
11131,5
11132,0
11133,0
11134,5
11135,9
11136,9
11137,8
11138,5
11139,5
11140,7
11141,3
11142,0
11143,0
11144,8
11145,1
11146,5
11147,1
11148,8
11149,0
11150,0
11151,0
11152,5
11153,1
11154,2
11155,5
11156,9
11157,9
11158,8
11159,9
11160,5
11161,9
11162,1
11163,0
11164,5
11165,0
11166,9
11167,7
11168,2
11169,0
11170,1
11171,0
11172,0
11173,7
11174,9
11175,8
11176,1
11177,0
11178,1
11179,1
11180,5
11181,0
11182,0
11183,8
11184,9
11185,1
11186,7
11187,5
11188,5
11189,5
11190,9
11191,9
11192,0
11193,8
11194,0
11195,9
11196,0
11197,1
11198,9
11199,9
11200,8
11201,5
11202,7
11203,8
11204,8
11205,7
11206,8
11207,1
11208,0
11209,1
11210,7
11211,1
11212,9
11213,7
11214,9
11215,5
11216,9
11217,0
11218,7
11219,9
11220,8
11221,0
11222,9
11223,9
11224,7
11225,8
11226,1
11227,1
11228,3
11229,0
11230,0
11231,9
11232,1
11233,8
11234,3
11235,0
11236,9
11237,0
11238,9
11239,9
11240,8
11241,1
11242,9
11243,5
11244,7
11245,1
11246,9
11247,9
11248,0
11249,1
11250,9
11251,0
11252,7
11253,9
11254,5
11255,5
11256,0
11257,1
11258,9
11259,7
11260,5
11261,5
11262,5
11263,1
11264,9
11265,1
11266,8
11267,1
11268,9
11269,1
11270,1
11271,0
11272,0
11273,1
11274,0
11275,8
11276,0
11277,8
11278,1
11279,8
11280,1
11281,0
11282,3
11283,9
11284,7
11285,8
11286,7
11287,9
11288,8
11289,5
11290,5
11291,8
11292,9
11293,7
11294,9
11295,5
11296,8
11297,9
11298,0
11299,9
11300,1
11301,5
11302,1
11303,1
11304,5
11305,9
11306,8
11307,9
11308,5
11309,6
11310,5
11311,0
11312,9
11313,7
11314,1
11315,7
11316,5
11317,9
11318,5
11319,9
11320,9
11321,9
11322,0
11323,1
11324,9
11325,1
11326,0
11327,5
11328,1
11329,9
11330,1
11331,7
11332,9
11333,0
11334,9
11335,4
11336,5
11337,1
11338,0
11339,9
11340,1
11341,8
11342,9
11343,8
11344,1
11345,1
11346,2
11347,0
11348,9
11349,1
11350,9
11351,1
11352,8
11353,8
11354,0
11355,9
11356,0
11357,9
11358,0
11359,0
11360,0
11361,8
11362,9
11363,1
11364,9
11365,1
11366,8
11367,9
11368,1
11369,8
11370,9
11371,0
11372,7
11373,1
11374,0
11375,9
11376,0
11377,7
11378,0
11379,7
11380,9
11381,8
11382,9
11383,9
11384,0
11385,5
11386,0
11387,1
11388,3
11389,8
11390,1
11391,9
11392,8
11393,1
11394,5
11395,0
11396,3
11397,0
11398,8
11399,7
11400,0
11401,0
11402,9
11403,9
11404,5
11405,8
11406,9
11407,0
11408,1
11409,9
11410,5
11411,7
11412,8
11413,0
11414,3
11415,1
11416,8
11417,5
11418,9
11419,5
11420,7
11421,1
11422,5
11423,7
11424,0
11425,1
11426,1
11427,1
11428,7
11429,1
11430,9
11431,9
11432,1
11433,1
11434,5
11435,9
11436,5
11437,7
11438,5
11439,0
11440,9
11441,9
11442,9
11443,0
11444,0
11445,9
11446,9
11447,9
11448,3
11449,1
11450,8
11451,8
11452,0
11453,9
11454,5
11455,1
11456,5
11457,1
11458,7
11459,0
11460,0
11461,9
11462,8
11463,0
11464,0
11465,9
11466,8
11467,9
11468,9
11469,0
11470,9
11471,9
11472,9
11473,0
11474,8
11475,5
11476,8
11477,5
11478,0
11479,7
11480,2
11481,5
11482,0
11483,8
11484,9
11485,7
11486,3
11487,1
11488,8
11489,1
11490,1
11491,0
11492,1
11493,8
11494,8
11495,0
11496,1
11497,9
11498,9
11499,0
11500,9
11501,2
11502,9
11503,9
11504,9
11505,5
11506,0
11507,0
11508,8
11509,0
11510,0
11511,1
11512,0
11513,9
11514,0
11515,8
11516,9
11517,9
11518,1
11519,9
11520,1
11521,5
11522,9
11523,9
11524,1
11525,0
11526,0
11527,5
11528,8
11529,9
11530,9
11531,0
11532,8
11533,0
11534,0
11535,9
11536,1
11537,1
11538,8
11539,0
11540,8
11541,0
11542,1
11543,0
11544,0
11545,9
11546,1
11547,5
11548,0
11549,1
11550,9
11551,5
11552,9
11553,7
11554,7
11555,8
11556,1
11557,5
11558,0
11559,9
11560,8
11561,0
11562,8
11563,9
11564,9
11565,0
11566,1
11567,9
11568,0
11569,9
11570,7
11571,1
11572,8
11573,5
11574,1
11575,8
11576,8
11577,0
11578,0
11579,0
11580,1
11581,9
11582,5
11583,0
11584,8
11585,1
11586,3
11587,7
11588,1
11589,5
11590,1
11591,0
11592,1
11593,1
11594,2
11595,7
11596,5
11597,5
11598,9
11599,7
11600,8
11601,1
11602,0
11603,5
11604,8
11605,7
11606,0
11607,0
11608,2
11609,1
11610,9
11611,8
11612,0
11613,0
11614,0
11615,9
11616,0
11617,5
11618,1
11619,8
11620,0
11621,9
11622,9
11623,9
11624,8
11625,0
11626,9
11627,5
11628,9
11629,1
11630,0
11631,5
11632,0
11633,8
11634,1
11635,9
11636,0
11637,8
11638,5
11639,0
11640,7
11641,3
11642,0
11643,0
11644,9
11645,1
11646,9
11647,1
11648,0
11649,3
11650,8
11651,7
11652,1
11653,8
11654,1
11655,8
11656,1
11657,5
11658,0
11659,0
11660,9
11661,5
11662,1
11663,0
11664,0
11665,5
11666,9
11667,9
11668,7
11669,0
11670,9
11671,7
11672,7
11673,1
11674,1
11675,9
11676,0
11677,1
11678,5
11679,5
11680,8
11681,5
11682,8
11683,9
11684,9
11685,0
11686,2
11687,1
11688,0
11689,9
11690,0
11691,9
11692,1
11693,1
11694,1
11695,0
11696,1
11697,8
11698,5
11699,9
11700,0
11701,5
11702,7
11703,1
11704,5
11705,9
11706,9
11707,7
11708,1
11709,0
11710,5
11711,9
11712,5
11713,8
11714,1
11715,8
11716,5
11717,1
11718,1
11719,8
11720,8
11721,1
11722,9
11723,0
11724,0
11725,8
11726,1
11727,8
11728,9
11729,9
11730,9
11731,8
11732,1
11733,7
11734,9
11735,0
11736,8
11737,9
11738,7
11739,1
11740,8
11741,9
11742,9
11743,1
11744,9
11745,0
11746,0
11747,8
11748,0
11749,1
11750,5
11751,0
11752,9
11753,9
11754,9
11755,9
11756,9
11757,9
11758,9
11759,8
11760,9
11761,9
11762,3
11763,1
11764,0
11765,4
11766,0
11767,7
11768,9
11769,8
11770,8
11771,7
11772,0
11773,9
11774,5
11775,9
11776,7
11777,1
11778,3
11779,9
11780,9
11781,3
11782,9
11783,1
11784,0
11785,8
11786,1
11787,0
11788,1
11789,9
11790,0
11791,0
11792,1
11793,9
11794,0
11795,5
11796,1
11797,1
11798,8
11799,1
11800,1
11801,8
11802,0
11803,1
11804,5
11805,0
11806,8
11807,1
11808,1
11809,8
11810,8
11811,1
11812,8
11813,1
11814,8
11815,9
11816,1
11817,1
11818,0
11819,0
11820,8
11821,5
11822,0
11823,8
11824,1
11825,5
11826,0
11827,5
11828,9
11829,5
11830,1
11831,0
11832,7
11833,9
11834,8
11835,7
11836,8
11837,5
11838,5
11839,1
11840,9
11841,0
11842,1
11843,1
11844,2
11845,9
11846,8
11847,0
11848,5
11849,0
11850,0
11851,1
11852,0
11853,1
11854,1
11855,1
11856,8
11857,1
11858,0
11859,5
11860,5
11861,9
11862,1
11863,9
11864,8
11865,1
11866,1
11867,0
11868,1
11869,9
11870,5
11871,9
11872,0
11873,0
11874,0
11875,9
11876,0
11877,0
11878,0
11879,0
11880,0
11881,0
11882,1
11883,1
11884,1
11885,8
11886,0
11887,7
11888,0
11889,8
11890,0
11891,0
11892,9
11893,9
11894,8
11895,0
11896,9
11897,8
11898,0
11899,0
11900,9
11901,1
11902,1
11903,9
11904,0
11905,1
11906,1
11907,1
11908,8
11909,1
11910,9
11911,0
11912,0
11913,5
11914,8
11915,5
11916,1
11917,0
11918,8
11919,8
11920,6
11921,0
11922,8
11923,8
11924,5
11925,9
11926,0
11927,9
11928,0
11929,8
11930,9
11931,0
11932,5
11933,3
11934,7
11935,1
11936,8
11937,3
11938,9
11939,5
11940,1
11941,1
11942,9
11943,7
11944,7
11945,7
11946,0
11947,5
11948,8
11949,9
11950,0
11951,0
11952,5
11953,7
11954,8
11955,8
11956,0
11957,1
11958,9
11959,0
11960,0
11961,9
11962,5
11963,0
11964,9
11965,1
11966,0
11967,1
11968,5
11969,8
11970,5
11971,9
11972,9
11973,0
11974,1
11975,7
11976,5
11977,5
11978,9
11979,3
11980,0
11981,7
11982,0
11983,1
11984,1
11985,9
11986,0
11987,8
11988,1
11989,1
11990,7
11991,0
11992,8
11993,9
11994,1
11995,5
11996,5
11997,5
11998,0
11999,9
